-- ----------------------------------
-- Folders --------------------------
-- ---------------------------------- 
INSERT INTO "public"."folders" ("id","folder_name") VALUES (1,'African-American');
INSERT INTO "public"."folders" ("id","folder_name") VALUES (2,'independence');
INSERT INTO "public"."folders" ("id","folder_name") VALUES (3,'effort');
INSERT INTO "public"."folders" ("id","folder_name") VALUES (4,'slip');
INSERT INTO "public"."folders" ("id","folder_name") VALUES (5,'cousin');
INSERT INTO "public"."folders" ("id","folder_name") VALUES (6,'according');
INSERT INTO "public"."folders" ("id","folder_name") VALUES (7,'primary');
INSERT INTO "public"."folders" ("id","folder_name") VALUES (8,'pressure');
INSERT INTO "public"."folders" ("id","folder_name") VALUES (9,'recall');
INSERT INTO "public"."folders" ("id","folder_name") VALUES (10,'diet');
INSERT INTO "public"."folders" ("id","folder_name") VALUES (11,'another');
INSERT INTO "public"."folders" ("id","folder_name") VALUES (12,'event');
INSERT INTO "public"."folders" ("id","folder_name") VALUES (13,'Russian');
INSERT INTO "public"."folders" ("id","folder_name") VALUES (14,'engineering');
INSERT INTO "public"."folders" ("id","folder_name") VALUES (15,'terrible');
INSERT INTO "public"."folders" ("id","folder_name") VALUES (16,'soup');
INSERT INTO "public"."folders" ("id","folder_name") VALUES (17,'border');
INSERT INTO "public"."folders" ("id","folder_name") VALUES (18,'specifically');
INSERT INTO "public"."folders" ("id","folder_name") VALUES (19,'recovery');
INSERT INTO "public"."folders" ("id","folder_name") VALUES (20,'yet');
INSERT INTO "public"."folders" ("id","folder_name") VALUES (21,'special');
INSERT INTO "public"."folders" ("id","folder_name") VALUES (22,'consideration');
INSERT INTO "public"."folders" ("id","folder_name") VALUES (23,'image');
INSERT INTO "public"."folders" ("id","folder_name") VALUES (24,'burn');
INSERT INTO "public"."folders" ("id","folder_name") VALUES (25,'button');
INSERT INTO "public"."folders" ("id","folder_name") VALUES (26,'fail');
INSERT INTO "public"."folders" ("id","folder_name") VALUES (27,'celebrity');
INSERT INTO "public"."folders" ("id","folder_name") VALUES (28,'not');
INSERT INTO "public"."folders" ("id","folder_name") VALUES (29,'left');
INSERT INTO "public"."folders" ("id","folder_name") VALUES (30,'immediate');
INSERT INTO "public"."folders" ("id","folder_name") VALUES (31,'suit');
INSERT INTO "public"."folders" ("id","folder_name") VALUES (32,'mass');
INSERT INTO "public"."folders" ("id","folder_name") VALUES (33,'iron');
INSERT INTO "public"."folders" ("id","folder_name") VALUES (34,'among');
INSERT INTO "public"."folders" ("id","folder_name") VALUES (35,'gaze');
INSERT INTO "public"."folders" ("id","folder_name") VALUES (36,'building');
INSERT INTO "public"."folders" ("id","folder_name") VALUES (37,'hurt');
INSERT INTO "public"."folders" ("id","folder_name") VALUES (38,'widespread');
INSERT INTO "public"."folders" ("id","folder_name") VALUES (39,'whose');
INSERT INTO "public"."folders" ("id","folder_name") VALUES (40,'fire');
INSERT INTO "public"."folders" ("id","folder_name") VALUES (41,'exist');
INSERT INTO "public"."folders" ("id","folder_name") VALUES (42,'ring');
INSERT INTO "public"."folders" ("id","folder_name") VALUES (43,'sleep');
INSERT INTO "public"."folders" ("id","folder_name") VALUES (44,'owner');
INSERT INTO "public"."folders" ("id","folder_name") VALUES (45,'hospital');
INSERT INTO "public"."folders" ("id","folder_name") VALUES (46,'sense');
INSERT INTO "public"."folders" ("id","folder_name") VALUES (47,'lawn');
INSERT INTO "public"."folders" ("id","folder_name") VALUES (48,'brilliant');
INSERT INTO "public"."folders" ("id","folder_name") VALUES (49,'developing');
INSERT INTO "public"."folders" ("id","folder_name") VALUES (50,'severe');
-- ----------------------------------
-- Priorities------------------------
-- ----------------------------------
INSERT INTO "public"."priorities" ("id","priority") VALUES (0,'low');
INSERT INTO "public"."priorities" ("id","priority") VALUES (1,'normal');
INSERT INTO "public"."priorities" ("id","priority") VALUES (2,'urgent');
-- ----------------------------------
-- Status  --------------------------
-- ----------------------------------
INSERT INTO "public"."status" ("id","status_name") VALUES (0,'pending');
INSERT INTO "public"."status" ("id","status_name") VALUES (1,'accepted');
INSERT INTO "public"."status" ("id","status_name") VALUES (2,'declined');
INSERT INTO "public"."status" ("id","status_name") VALUES (3,'blocked');
-- ----------------------------------
-- Tags --------------------------
-- ----------------------------------
INSERT INTO "public"."tags" ("id","tag_name") VALUES (1,'salt');
INSERT INTO "public"."tags" ("id","tag_name") VALUES (2,'unusual');
INSERT INTO "public"."tags" ("id","tag_name") VALUES (3,'fashion');
INSERT INTO "public"."tags" ("id","tag_name") VALUES (4,'get');
INSERT INTO "public"."tags" ("id","tag_name") VALUES (5,'immigration');
INSERT INTO "public"."tags" ("id","tag_name") VALUES (6,'promise');
INSERT INTO "public"."tags" ("id","tag_name") VALUES (7,'negotiate');
INSERT INTO "public"."tags" ("id","tag_name") VALUES (8,'incentive');
INSERT INTO "public"."tags" ("id","tag_name") VALUES (9,'childhood');
INSERT INTO "public"."tags" ("id","tag_name") VALUES (10,'modern');
INSERT INTO "public"."tags" ("id","tag_name") VALUES (11,'dream');
INSERT INTO "public"."tags" ("id","tag_name") VALUES (12,'tower');
INSERT INTO "public"."tags" ("id","tag_name") VALUES (13,'float');
INSERT INTO "public"."tags" ("id","tag_name") VALUES (14,'historic');
INSERT INTO "public"."tags" ("id","tag_name") VALUES (15,'worried');
INSERT INTO "public"."tags" ("id","tag_name") VALUES (16,'breast');
INSERT INTO "public"."tags" ("id","tag_name") VALUES (17,'ski');
INSERT INTO "public"."tags" ("id","tag_name") VALUES (18,'kiss');
INSERT INTO "public"."tags" ("id","tag_name") VALUES (19,'build');
INSERT INTO "public"."tags" ("id","tag_name") VALUES (20,'prove');
INSERT INTO "public"."tags" ("id","tag_name") VALUES (21,'flow');
INSERT INTO "public"."tags" ("id","tag_name") VALUES (22,'emergency');
INSERT INTO "public"."tags" ("id","tag_name") VALUES (23,'imply');
INSERT INTO "public"."tags" ("id","tag_name") VALUES (24,'surround');
INSERT INTO "public"."tags" ("id","tag_name") VALUES (25,'rhythm');
INSERT INTO "public"."tags" ("id","tag_name") VALUES (26,'double');
INSERT INTO "public"."tags" ("id","tag_name") VALUES (27,'formal');
INSERT INTO "public"."tags" ("id","tag_name") VALUES (28,'historical');
INSERT INTO "public"."tags" ("id","tag_name") VALUES (29,'where');
INSERT INTO "public"."tags" ("id","tag_name") VALUES (30,'come');
INSERT INTO "public"."tags" ("id","tag_name") VALUES (31,'heritage');
INSERT INTO "public"."tags" ("id","tag_name") VALUES (32,'requirement');
INSERT INTO "public"."tags" ("id","tag_name") VALUES (33,'born');
INSERT INTO "public"."tags" ("id","tag_name") VALUES (34,'wave');
INSERT INTO "public"."tags" ("id","tag_name") VALUES (35,'earn');
INSERT INTO "public"."tags" ("id","tag_name") VALUES (36,'thinking');
INSERT INTO "public"."tags" ("id","tag_name") VALUES (37,'six');
INSERT INTO "public"."tags" ("id","tag_name") VALUES (38,'cable');
INSERT INTO "public"."tags" ("id","tag_name") VALUES (39,'intention');
INSERT INTO "public"."tags" ("id","tag_name") VALUES (40,'height');
INSERT INTO "public"."tags" ("id","tag_name") VALUES (41,'welcome');
INSERT INTO "public"."tags" ("id","tag_name") VALUES (42,'economy');
INSERT INTO "public"."tags" ("id","tag_name") VALUES (43,'explode');
INSERT INTO "public"."tags" ("id","tag_name") VALUES (44,'exist');
INSERT INTO "public"."tags" ("id","tag_name") VALUES (45,'air');
INSERT INTO "public"."tags" ("id","tag_name") VALUES (46,'significantly');
INSERT INTO "public"."tags" ("id","tag_name") VALUES (47,'base');
INSERT INTO "public"."tags" ("id","tag_name") VALUES (48,'nut');
INSERT INTO "public"."tags" ("id","tag_name") VALUES (49,'approach');
INSERT INTO "public"."tags" ("id","tag_name") VALUES (50,'put');
INSERT INTO "public"."tags" ("id","tag_name") VALUES (51,'well');
INSERT INTO "public"."tags" ("id","tag_name") VALUES (52,'characterize');
INSERT INTO "public"."tags" ("id","tag_name") VALUES (53,'parking');
INSERT INTO "public"."tags" ("id","tag_name") VALUES (54,'table');
INSERT INTO "public"."tags" ("id","tag_name") VALUES (55,'summer');
INSERT INTO "public"."tags" ("id","tag_name") VALUES (56,'sure');
INSERT INTO "public"."tags" ("id","tag_name") VALUES (57,'awareness');
INSERT INTO "public"."tags" ("id","tag_name") VALUES (58,'recent');
INSERT INTO "public"."tags" ("id","tag_name") VALUES (59,'restriction');
INSERT INTO "public"."tags" ("id","tag_name") VALUES (60,'lab');
INSERT INTO "public"."tags" ("id","tag_name") VALUES (61,'member');
INSERT INTO "public"."tags" ("id","tag_name") VALUES (62,'learn');
INSERT INTO "public"."tags" ("id","tag_name") VALUES (63,'ancient');
INSERT INTO "public"."tags" ("id","tag_name") VALUES (64,'computer');
INSERT INTO "public"."tags" ("id","tag_name") VALUES (65,'attitude');
INSERT INTO "public"."tags" ("id","tag_name") VALUES (66,'blade');
INSERT INTO "public"."tags" ("id","tag_name") VALUES (67,'poetry');
INSERT INTO "public"."tags" ("id","tag_name") VALUES (68,'clean');
INSERT INTO "public"."tags" ("id","tag_name") VALUES (69,'naked');
INSERT INTO "public"."tags" ("id","tag_name") VALUES (70,'treatment');
INSERT INTO "public"."tags" ("id","tag_name") VALUES (71,'data');
INSERT INTO "public"."tags" ("id","tag_name") VALUES (72,'sophisticated');
INSERT INTO "public"."tags" ("id","tag_name") VALUES (73,'history');
INSERT INTO "public"."tags" ("id","tag_name") VALUES (74,'defeat');
INSERT INTO "public"."tags" ("id","tag_name") VALUES (75,'technical');
INSERT INTO "public"."tags" ("id","tag_name") VALUES (76,'cake');
INSERT INTO "public"."tags" ("id","tag_name") VALUES (77,'ban');
INSERT INTO "public"."tags" ("id","tag_name") VALUES (78,'auto');
INSERT INTO "public"."tags" ("id","tag_name") VALUES (79,'natural');
INSERT INTO "public"."tags" ("id","tag_name") VALUES (80,'appointment');
INSERT INTO "public"."tags" ("id","tag_name") VALUES (81,'section');
INSERT INTO "public"."tags" ("id","tag_name") VALUES (82,'medium');
INSERT INTO "public"."tags" ("id","tag_name") VALUES (83,'significance');
INSERT INTO "public"."tags" ("id","tag_name") VALUES (84,'property');
INSERT INTO "public"."tags" ("id","tag_name") VALUES (85,'mark');
INSERT INTO "public"."tags" ("id","tag_name") VALUES (86,'developing');
INSERT INTO "public"."tags" ("id","tag_name") VALUES (87,'consider');
INSERT INTO "public"."tags" ("id","tag_name") VALUES (88,'protein');
INSERT INTO "public"."tags" ("id","tag_name") VALUES (89,'valuable');
INSERT INTO "public"."tags" ("id","tag_name") VALUES (90,'fade');
INSERT INTO "public"."tags" ("id","tag_name") VALUES (91,'chemical');
INSERT INTO "public"."tags" ("id","tag_name") VALUES (92,'terms');
INSERT INTO "public"."tags" ("id","tag_name") VALUES (93,'thank');
INSERT INTO "public"."tags" ("id","tag_name") VALUES (94,'substantial');
INSERT INTO "public"."tags" ("id","tag_name") VALUES (95,'defendant');
INSERT INTO "public"."tags" ("id","tag_name") VALUES (96,'constant');
INSERT INTO "public"."tags" ("id","tag_name") VALUES (97,'furniture');
INSERT INTO "public"."tags" ("id","tag_name") VALUES (98,'museum');
INSERT INTO "public"."tags" ("id","tag_name") VALUES (99,'whatever');
INSERT INTO "public"."tags" ("id","tag_name") VALUES (100,'radical');
-- ----------------------------------
-- Users ----------------------------
-- ----------------------------------
INSERT INTO "public"."users" ("id","login","name","surname","email","password","birth","phone","sex","is_active","reg_date") VALUES (1,'Julia9','Christa','Noteboom','RichardStockton2@hotmail.org','D4A542D07E6963CA04088DCB62B6F2C1',NULL,NULL,False,True,'12.02.2017 05:23:00');
INSERT INTO "public"."users" ("id","login","name","surname","email","password","birth","phone","sex","is_active","reg_date") VALUES (2,'Marieke595','Gerrit','Lannigham','BrentDeWald4@hotmail.it','B12D2FFB0F28EEB2888D23EBE47F0DE8',NULL,'1-046-7461',False,True,'03.03.2017 00:56:00');
INSERT INTO "public"."users" ("id","login","name","surname","email","password","birth","phone","sex","is_active","reg_date") VALUES (3,'Niklas981','Annie','Toler','Bianca.Knight2@web.org','CB8E077458C3D6797DDED5497FE8DF83','04.03.1990','768-753-0777',False,True,'06.04.2017 05:52:00');
INSERT INTO "public"."users" ("id","login","name","surname","email","password","birth","phone","sex","is_active","reg_date") VALUES (4,'Jack759','Lincoln','Ionescu','TWicks1@gmail.org','2E62E4478A4D500E38EBD618C2C799A1','03.12.1985','1-722-3971',NULL,True,'03.05.2017 08:37:00');
INSERT INTO "public"."users" ("id","login","name","surname","email","password","birth","phone","sex","is_active","reg_date") VALUES (5,'Delphine4','Roger','Rauch','YWatson@excite.it','1F4CDDBD5AB64D154EDED5555DD39590','09.09.1905','510-7864',False,True,'06.06.2017 10:50:00');
INSERT INTO "public"."users" ("id","login","name","surname","email","password","birth","phone","sex","is_active","reg_date") VALUES (6,'Martin9','Jane','Byrnes','WGua Lima1@excite.fr','8659FD836F10DFDF83B8F253A4BB280C','11.03.2010','498-8225',True,True,'10.07.2017 01:56:00');
INSERT INTO "public"."users" ("id","login","name","surname","email","password","birth","phone","sex","is_active","reg_date") VALUES (7,'Camila66','Charlotte','Nithman','Y.Moore@telfort.com','1322FB74296C9623A4FED304CC923AB9','01.10.1910','425-2938',False,True,'10.08.2017 02:55:00');
INSERT INTO "public"."users" ("id","login","name","surname","email","password","birth","phone","sex","is_active","reg_date") VALUES (8,'Edwina95','Jody','Fernandez','NorbertMcgrew@gawab.cc','814CE3AFA142300B92C249D454870BB2',NULL,'276-6580',True,True,'12.08.2017 10:29:00');
INSERT INTO "public"."users" ("id","login","name","surname","email","password","birth","phone","sex","is_active","reg_date") VALUES (9,'Liam','Nick','Durso','TSchubert2@yahoo.it','1CFD55EDD95FC1D75A13E79FF6958FD7','11.02.1927','027-8829',NULL,True,'02.09.2017 02:28:00');
INSERT INTO "public"."users" ("id","login","name","surname","email","password","birth","phone","sex","is_active","reg_date") VALUES (10,'Callum','Klaas','Paul','James.Swaine1@aol.co.uk','1D29F7D9ADAEEFB4284BBFB2B8918056','11.06.1956','1-246-736-9494',True,True,'10.10.2017 10:25:00');
INSERT INTO "public"."users" ("id","login","name","surname","email","password","birth","phone","sex","is_active","reg_date") VALUES (11,'Dick232','Joey','Vanderoever','FrankDeans2@weboffice.nl','C2C0429BB616B5CEB6A1C4B6F119D698','06.01.1951','1-262-6390',True,True,'05.12.2017 03:50:00');
INSERT INTO "public"."users" ("id","login","name","surname","email","password","birth","phone","sex","is_active","reg_date") VALUES (12,'Willy','Lauren','Jackson','Bill.Shapiro@telefonica.be','D63FDBFB50589764683B386B0AA46F58',NULL,'483-6462',True,True,'10.11.2017 06:25:00');
INSERT INTO "public"."users" ("id","login","name","surname","email","password","birth","phone","sex","is_active","reg_date") VALUES (13,'Frederik','Isak','Gieske','YRobertson@kpn.fr','995C6DC95840219A86929F333CE01BB1',NULL,'1-287-682-8183',False,True,'03.06.2017 04:46:00');
INSERT INTO "public"."users" ("id","login","name","surname","email","password","birth","phone","sex","is_active","reg_date") VALUES (14,'Guus8','Benjamin','McCormick','FransEmerson@kpn.ca','3EE64ECAF99F73204AB4682F6B37361A',NULL,'1-539-2879',True,True,'08.01.2017 04:11:00');
INSERT INTO "public"."users" ("id","login","name","surname","email","password","birth","phone","sex","is_active","reg_date") VALUES (15,'Manuel39','Margaret','Wong','J.Long1@mobileme.dk','7BFD5D8C8F3C0F75939CAB263D872668',NULL,'1-865-230-5482',True,True,'08.02.2017 01:18:00');
INSERT INTO "public"."users" ("id","login","name","surname","email","password","birth","phone","sex","is_active","reg_date") VALUES (16,'Albert','Margaret','Nefos','AnnNelson@kpn.de','09A28262872F24268700BB5AAA75594D',NULL,'1-033-976-0125',True,True,'02.03.2017 04:29:00');
INSERT INTO "public"."users" ("id","login","name","surname","email","password","birth","phone","sex","is_active","reg_date") VALUES (17,'Leontien','Alex','Daley','JakeBlacher1@kpn.it','B966B6C30FDCBBAA4D5282CD8A2F44A7','05.08.1934','340-5686',True,True,'09.04.2017 05:17:00');
INSERT INTO "public"."users" ("id","login","name","surname","email","password","birth","phone","sex","is_active","reg_date") VALUES (18,'Thelma960','Vanessa','DeBuck','Peter.Hendrix@telefonica.no','2D247A4A53398AB5CB862581FA5FE7AF','08.01.1964','1-157-6651',NULL,True,'02.05.2018 09:10:00');
INSERT INTO "public"."users" ("id","login","name","surname","email","password","birth","phone","sex","is_active","reg_date") VALUES (19,'Eleanor','Maximilian','McCrary','Vincent.Millis1@freeweb.com','0F7320E65E31AEDF15C2CE7B42CC6ABB',NULL,'1-326-496-8406',False,True,'01.06.2018 09:41:00');
INSERT INTO "public"."users" ("id","login","name","surname","email","password","birth","phone","sex","is_active","reg_date") VALUES (20,'Anton68','Luka','Millis','Freddy.Gaskins@lycos.co.uk','D6F7F2E0CFACB9C0FDFE84A3BEADACF5','05.01.1913','376-2707',NULL,True,'04.03.2018 01:40:00');
INSERT INTO "public"."users" ("id","login","name","surname","email","password","birth","phone","sex","is_active","reg_date") VALUES (21,'Alva2','Ida','Huffsmitt','BBrylle2@mymail.es','45BCE63E547BD928A2C290E90EBF74A1','07.03.1928','619-6908',NULL,True,'02.06.2018 02:28:00');
INSERT INTO "public"."users" ("id","login","name","surname","email","password","birth","phone","sex","is_active","reg_date") VALUES (22,'Isabelle4','Albert','Deleo','Nick.Harder2@weboffice.org','3CEFFED8F19C545A1A30C3901B86B411','02.09.2000','1-351-653-9914',NULL,True,'12.02.2017 08:38:00');
INSERT INTO "public"."users" ("id","login","name","surname","email","password","birth","phone","sex","is_active","reg_date") VALUES (23,'Maggie2','Thelma','Linton','EBarnett4@telefonica.nl','ADA5A7118BD49166BA62B0025E22E585',NULL,'713-1779',True,True,'05.06.2017 03:41:00');
INSERT INTO "public"."users" ("id","login","name","surname","email","password","birth","phone","sex","is_active","reg_date") VALUES (24,'Ross989','Sam','Mcnally','Nick.Wong@libero.be','C1BBE3937AA2B416E324283F55C22541',NULL,'781-494-4767',False,True,'08.01.2017 04:27:00');
INSERT INTO "public"."users" ("id","login","name","surname","email","password","birth","phone","sex","is_active","reg_date") VALUES (25,'Karin78','Matthijs','Praeger','Victor.Browne2@aol.ca','5739C4805A5DBDE7D0C9EF7600EC4691',NULL,'441-629-7837',False,True,'04.01.2017 01:31:00');
-- ----------------------------------
-- Relationships---------------------
-- ----------------------------------
INSERT INTO "public"."relationships" ("user_one_id","user_two_id","status_id","action_user_id") VALUES (21,24,1,24);
INSERT INTO "public"."relationships" ("user_one_id","user_two_id","status_id","action_user_id") VALUES (11,6,1,6);
INSERT INTO "public"."relationships" ("user_one_id","user_two_id","status_id","action_user_id") VALUES (10,11,1,10);
INSERT INTO "public"."relationships" ("user_one_id","user_two_id","status_id","action_user_id") VALUES (19,1,1,19);
INSERT INTO "public"."relationships" ("user_one_id","user_two_id","status_id","action_user_id") VALUES (1,24,0,1);
INSERT INTO "public"."relationships" ("user_one_id","user_two_id","status_id","action_user_id") VALUES (9,1,1,1);
INSERT INTO "public"."relationships" ("user_one_id","user_two_id","status_id","action_user_id") VALUES (25,4,1,4);
INSERT INTO "public"."relationships" ("user_one_id","user_two_id","status_id","action_user_id") VALUES (3,17,1,3);
INSERT INTO "public"."relationships" ("user_one_id","user_two_id","status_id","action_user_id") VALUES (20,22,1,22);
INSERT INTO "public"."relationships" ("user_one_id","user_two_id","status_id","action_user_id") VALUES (13,9,0,9);
INSERT INTO "public"."relationships" ("user_one_id","user_two_id","status_id","action_user_id") VALUES (17,9,1,9);
INSERT INTO "public"."relationships" ("user_one_id","user_two_id","status_id","action_user_id") VALUES (10,12,1,10);
INSERT INTO "public"."relationships" ("user_one_id","user_two_id","status_id","action_user_id") VALUES (10,3,1,10);
INSERT INTO "public"."relationships" ("user_one_id","user_two_id","status_id","action_user_id") VALUES (5,3,1,5);
INSERT INTO "public"."relationships" ("user_one_id","user_two_id","status_id","action_user_id") VALUES (15,22,0,15);
INSERT INTO "public"."relationships" ("user_one_id","user_two_id","status_id","action_user_id") VALUES (16,17,1,16);
INSERT INTO "public"."relationships" ("user_one_id","user_two_id","status_id","action_user_id") VALUES (9,22,1,9);
INSERT INTO "public"."relationships" ("user_one_id","user_two_id","status_id","action_user_id") VALUES (8,4,1,8);
INSERT INTO "public"."relationships" ("user_one_id","user_two_id","status_id","action_user_id") VALUES (5,15,1,15);
INSERT INTO "public"."relationships" ("user_one_id","user_two_id","status_id","action_user_id") VALUES (21,5,1,21);
INSERT INTO "public"."relationships" ("user_one_id","user_two_id","status_id","action_user_id") VALUES (19,6,0,19);
INSERT INTO "public"."relationships" ("user_one_id","user_two_id","status_id","action_user_id") VALUES (6,13,1,13);
INSERT INTO "public"."relationships" ("user_one_id","user_two_id","status_id","action_user_id") VALUES (23,13,0,23);
INSERT INTO "public"."relationships" ("user_one_id","user_two_id","status_id","action_user_id") VALUES (2,9,1,2);
INSERT INTO "public"."relationships" ("user_one_id","user_two_id","status_id","action_user_id") VALUES (22,11,1,11);
INSERT INTO "public"."relationships" ("user_one_id","user_two_id","status_id","action_user_id") VALUES (6,7,1,7);
INSERT INTO "public"."relationships" ("user_one_id","user_two_id","status_id","action_user_id") VALUES (12,25,1,12);
INSERT INTO "public"."relationships" ("user_one_id","user_two_id","status_id","action_user_id") VALUES (4,20,1,4);
INSERT INTO "public"."relationships" ("user_one_id","user_two_id","status_id","action_user_id") VALUES (11,23,1,11);
INSERT INTO "public"."relationships" ("user_one_id","user_two_id","status_id","action_user_id") VALUES (12,11,1,12);
INSERT INTO "public"."relationships" ("user_one_id","user_two_id","status_id","action_user_id") VALUES (17,5,1,5);
INSERT INTO "public"."relationships" ("user_one_id","user_two_id","status_id","action_user_id") VALUES (5,20,1,20);
INSERT INTO "public"."relationships" ("user_one_id","user_two_id","status_id","action_user_id") VALUES (15,2,0,15);
INSERT INTO "public"."relationships" ("user_one_id","user_two_id","status_id","action_user_id") VALUES (17,2,1,17);
INSERT INTO "public"."relationships" ("user_one_id","user_two_id","status_id","action_user_id") VALUES (2,14,1,14);
INSERT INTO "public"."relationships" ("user_one_id","user_two_id","status_id","action_user_id") VALUES (18,3,1,18);
INSERT INTO "public"."relationships" ("user_one_id","user_two_id","status_id","action_user_id") VALUES (21,17,1,21);
INSERT INTO "public"."relationships" ("user_one_id","user_two_id","status_id","action_user_id") VALUES (7,13,1,13);
INSERT INTO "public"."relationships" ("user_one_id","user_two_id","status_id","action_user_id") VALUES (19,23,1,19);
INSERT INTO "public"."relationships" ("user_one_id","user_two_id","status_id","action_user_id") VALUES (20,13,1,13);
INSERT INTO "public"."relationships" ("user_one_id","user_two_id","status_id","action_user_id") VALUES (3,9,1,3);
INSERT INTO "public"."relationships" ("user_one_id","user_two_id","status_id","action_user_id") VALUES (7,12,1,12);
INSERT INTO "public"."relationships" ("user_one_id","user_two_id","status_id","action_user_id") VALUES (4,3,0,3);
INSERT INTO "public"."relationships" ("user_one_id","user_two_id","status_id","action_user_id") VALUES (13,1,1,1);
INSERT INTO "public"."relationships" ("user_one_id","user_two_id","status_id","action_user_id") VALUES (23,18,1,18);
INSERT INTO "public"."relationships" ("user_one_id","user_two_id","status_id","action_user_id") VALUES (24,13,1,13);
INSERT INTO "public"."relationships" ("user_one_id","user_two_id","status_id","action_user_id") VALUES (11,20,1,11);
INSERT INTO "public"."relationships" ("user_one_id","user_two_id","status_id","action_user_id") VALUES (17,15,0,17);
INSERT INTO "public"."relationships" ("user_one_id","user_two_id","status_id","action_user_id") VALUES (12,21,1,12);
INSERT INTO "public"."relationships" ("user_one_id","user_two_id","status_id","action_user_id") VALUES (21,2,1,21);
INSERT INTO "public"."relationships" ("user_one_id","user_two_id","status_id","action_user_id") VALUES (14,22,1,14);
INSERT INTO "public"."relationships" ("user_one_id","user_two_id","status_id","action_user_id") VALUES (4,15,1,15);
INSERT INTO "public"."relationships" ("user_one_id","user_two_id","status_id","action_user_id") VALUES (11,9,1,11);
INSERT INTO "public"."relationships" ("user_one_id","user_two_id","status_id","action_user_id") VALUES (11,21,1,11);
INSERT INTO "public"."relationships" ("user_one_id","user_two_id","status_id","action_user_id") VALUES (3,25,1,3);
INSERT INTO "public"."relationships" ("user_one_id","user_two_id","status_id","action_user_id") VALUES (7,10,1,10);
INSERT INTO "public"."relationships" ("user_one_id","user_two_id","status_id","action_user_id") VALUES (7,19,1,19);
INSERT INTO "public"."relationships" ("user_one_id","user_two_id","status_id","action_user_id") VALUES (1,25,1,1);
INSERT INTO "public"."relationships" ("user_one_id","user_two_id","status_id","action_user_id") VALUES (17,12,1,12);
INSERT INTO "public"."relationships" ("user_one_id","user_two_id","status_id","action_user_id") VALUES (3,21,1,21);
INSERT INTO "public"."relationships" ("user_one_id","user_two_id","status_id","action_user_id") VALUES (5,22,1,22);
INSERT INTO "public"."relationships" ("user_one_id","user_two_id","status_id","action_user_id") VALUES (9,18,1,18);
INSERT INTO "public"."relationships" ("user_one_id","user_two_id","status_id","action_user_id") VALUES (20,14,1,14);
INSERT INTO "public"."relationships" ("user_one_id","user_two_id","status_id","action_user_id") VALUES (12,20,1,12);
INSERT INTO "public"."relationships" ("user_one_id","user_two_id","status_id","action_user_id") VALUES (6,21,1,21);
INSERT INTO "public"."relationships" ("user_one_id","user_two_id","status_id","action_user_id") VALUES (18,1,1,18);
INSERT INTO "public"."relationships" ("user_one_id","user_two_id","status_id","action_user_id") VALUES (2,23,1,2);
INSERT INTO "public"."relationships" ("user_one_id","user_two_id","status_id","action_user_id") VALUES (14,23,1,14);
INSERT INTO "public"."relationships" ("user_one_id","user_two_id","status_id","action_user_id") VALUES (14,21,1,21);
INSERT INTO "public"."relationships" ("user_one_id","user_two_id","status_id","action_user_id") VALUES (4,23,0,23);
INSERT INTO "public"."relationships" ("user_one_id","user_two_id","status_id","action_user_id") VALUES (11,25,1,11);
INSERT INTO "public"."relationships" ("user_one_id","user_two_id","status_id","action_user_id") VALUES (8,5,1,5);
INSERT INTO "public"."relationships" ("user_one_id","user_two_id","status_id","action_user_id") VALUES (7,22,1,7);
INSERT INTO "public"."relationships" ("user_one_id","user_two_id","status_id","action_user_id") VALUES (14,3,1,14);
INSERT INTO "public"."relationships" ("user_one_id","user_two_id","status_id","action_user_id") VALUES (8,21,0,21);
INSERT INTO "public"."relationships" ("user_one_id","user_two_id","status_id","action_user_id") VALUES (13,3,1,13);
INSERT INTO "public"."relationships" ("user_one_id","user_two_id","status_id","action_user_id") VALUES (15,8,1,15);
INSERT INTO "public"."relationships" ("user_one_id","user_two_id","status_id","action_user_id") VALUES (19,24,1,19);
INSERT INTO "public"."relationships" ("user_one_id","user_two_id","status_id","action_user_id") VALUES (20,3,1,20);
INSERT INTO "public"."relationships" ("user_one_id","user_two_id","status_id","action_user_id") VALUES (3,16,1,16);
INSERT INTO "public"."relationships" ("user_one_id","user_two_id","status_id","action_user_id") VALUES (2,18,1,18);
INSERT INTO "public"."relationships" ("user_one_id","user_two_id","status_id","action_user_id") VALUES (22,10,0,10);
INSERT INTO "public"."relationships" ("user_one_id","user_two_id","status_id","action_user_id") VALUES (1,14,1,14);
INSERT INTO "public"."relationships" ("user_one_id","user_two_id","status_id","action_user_id") VALUES (23,12,1,12);
INSERT INTO "public"."relationships" ("user_one_id","user_two_id","status_id","action_user_id") VALUES (8,12,1,12);
INSERT INTO "public"."relationships" ("user_one_id","user_two_id","status_id","action_user_id") VALUES (17,11,1,11);
INSERT INTO "public"."relationships" ("user_one_id","user_two_id","status_id","action_user_id") VALUES (10,21,1,21);
INSERT INTO "public"."relationships" ("user_one_id","user_two_id","status_id","action_user_id") VALUES (12,22,1,12);
INSERT INTO "public"."relationships" ("user_one_id","user_two_id","status_id","action_user_id") VALUES (20,15,1,15);
INSERT INTO "public"."relationships" ("user_one_id","user_two_id","status_id","action_user_id") VALUES (9,24,0,9);
INSERT INTO "public"."relationships" ("user_one_id","user_two_id","status_id","action_user_id") VALUES (5,25,1,5);
INSERT INTO "public"."relationships" ("user_one_id","user_two_id","status_id","action_user_id") VALUES (6,14,1,14);
INSERT INTO "public"."relationships" ("user_one_id","user_two_id","status_id","action_user_id") VALUES (11,8,1,11);
INSERT INTO "public"."relationships" ("user_one_id","user_two_id","status_id","action_user_id") VALUES (9,23,1,9);
INSERT INTO "public"."relationships" ("user_one_id","user_two_id","status_id","action_user_id") VALUES (9,21,1,9);
INSERT INTO "public"."relationships" ("user_one_id","user_two_id","status_id","action_user_id") VALUES (6,23,1,6);
INSERT INTO "public"."relationships" ("user_one_id","user_two_id","status_id","action_user_id") VALUES (25,2,0,2);
INSERT INTO "public"."relationships" ("user_one_id","user_two_id","status_id","action_user_id") VALUES (18,4,0,18);
INSERT INTO "public"."relationships" ("user_one_id","user_two_id","status_id","action_user_id") VALUES (23,25,1,25);
INSERT INTO "public"."relationships" ("user_one_id","user_two_id","status_id","action_user_id") VALUES (12,16,1,12);
-- ----------------------------------
-- Events----------------------------
-- ----------------------------------
INSERT INTO "public"."events" ("id","creator_id","folder_id","name","description","timeline_start","timeline_finish","period_in_days","is_sent","is_private") VALUES (1,20,NULL,'artist','Description number 3521658',NULL,NULL,NULL,False,False);
INSERT INTO "public"."events" ("id","creator_id","folder_id","name","description","timeline_start","timeline_finish","period_in_days","is_sent","is_private") VALUES (2,2,NULL,'joy','Description number 9395150','31.05.2018 05:03:00','19.04.2018 01:21:00',NULL,True,False);
INSERT INTO "public"."events" ("id","creator_id","folder_id","name","description","timeline_start","timeline_finish","period_in_days","is_sent","is_private") VALUES (3,5,3,'thin','Description number 5063549',NULL,NULL,NULL,True,True);
INSERT INTO "public"."events" ("id","creator_id","folder_id","name","description","timeline_start","timeline_finish","period_in_days","is_sent","is_private") VALUES (4,5,3,'hotel','This is a description 2276451',NULL,NULL,NULL,False,False);
INSERT INTO "public"."events" ("id","creator_id","folder_id","name","description","timeline_start","timeline_finish","period_in_days","is_sent","is_private") VALUES (5,5,NULL,'great','This is a description 0007523','10.06.2018 01:41:00','17.07.2018 06:24:00',NULL,True,False);
INSERT INTO "public"."events" ("id","creator_id","folder_id","name","description","timeline_start","timeline_finish","period_in_days","is_sent","is_private") VALUES (6,14,NULL,'pet','Description number 1819087','25.05.2018 02:29:00','05.07.2018 04:04:00',NULL,False,False);
INSERT INTO "public"."events" ("id","creator_id","folder_id","name","description","timeline_start","timeline_finish","period_in_days","is_sent","is_private") VALUES (7,21,NULL,'entire','This is a description 7871318','09.06.2018 10:20:00',NULL,17,True,True);
INSERT INTO "public"."events" ("id","creator_id","folder_id","name","description","timeline_start","timeline_finish","period_in_days","is_sent","is_private") VALUES (8,8,NULL,'deer','This is a description 0972050','05.06.2018 04:17:00','12.04.2018 02:22:00',NULL,False,True);
INSERT INTO "public"."events" ("id","creator_id","folder_id","name","description","timeline_start","timeline_finish","period_in_days","is_sent","is_private") VALUES (9,13,NULL,'die','Description number 6905443','31.05.2018 01:33:00','14.07.2018 06:16:00',NULL,False,True);
INSERT INTO "public"."events" ("id","creator_id","folder_id","name","description","timeline_start","timeline_finish","period_in_days","is_sent","is_private") VALUES (10,6,NULL,'owe','This is a description 2210875',NULL,NULL,NULL,False,False);
INSERT INTO "public"."events" ("id","creator_id","folder_id","name","description","timeline_start","timeline_finish","period_in_days","is_sent","is_private") VALUES (11,1,NULL,'liberal','This is a description 6469091','06.06.2018 01:52:00','10.04.2018 08:28:00',15,False,True);
INSERT INTO "public"."events" ("id","creator_id","folder_id","name","description","timeline_start","timeline_finish","period_in_days","is_sent","is_private") VALUES (12,6,NULL,'urban','This is a description 9936006','11.05.2018 03:53:00','08.06.2018 01:01:00',3,True,True);
INSERT INTO "public"."events" ("id","creator_id","folder_id","name","description","timeline_start","timeline_finish","period_in_days","is_sent","is_private") VALUES (13,24,NULL,'wonderful','Description number 0738948','04.06.2018 03:01:00','12.07.2018 00:27:00',4,True,True);
INSERT INTO "public"."events" ("id","creator_id","folder_id","name","description","timeline_start","timeline_finish","period_in_days","is_sent","is_private") VALUES (14,21,NULL,'appoint','This is a description 3322464','05.06.2018 05:11:00','26.05.2018 04:01:00',NULL,True,False);
INSERT INTO "public"."events" ("id","creator_id","folder_id","name","description","timeline_start","timeline_finish","period_in_days","is_sent","is_private") VALUES (15,15,NULL,'assure','This is a description 4976137','26.05.2018 09:03:00','14.06.2018 05:16:00',NULL,True,False);
INSERT INTO "public"."events" ("id","creator_id","folder_id","name","description","timeline_start","timeline_finish","period_in_days","is_sent","is_private") VALUES (16,16,NULL,'pop','Description number 5841522','24.05.2018 02:00:00','26.06.2018 01:08:00',NULL,False,False);
INSERT INTO "public"."events" ("id","creator_id","folder_id","name","description","timeline_start","timeline_finish","period_in_days","is_sent","is_private") VALUES (17,24,NULL,'remember','Description number 9901998','15.05.2018 08:41:00','12.04.2018 02:23:00',NULL,True,False);
INSERT INTO "public"."events" ("id","creator_id","folder_id","name","description","timeline_start","timeline_finish","period_in_days","is_sent","is_private") VALUES (18,4,NULL,'ride','This is a description 5433143','02.06.2018 01:53:00','14.07.2018 07:39:00',NULL,True,True);
INSERT INTO "public"."events" ("id","creator_id","folder_id","name","description","timeline_start","timeline_finish","period_in_days","is_sent","is_private") VALUES (19,20,10,'engineer','This is a description 2448142',NULL,NULL,NULL,True,True);
INSERT INTO "public"."events" ("id","creator_id","folder_id","name","description","timeline_start","timeline_finish","period_in_days","is_sent","is_private") VALUES (20,2,1,'sing','This is a description 4730915',NULL,NULL,NULL,False,True);
INSERT INTO "public"."events" ("id","creator_id","folder_id","name","description","timeline_start","timeline_finish","period_in_days","is_sent","is_private") VALUES (21,2,1,'sudden','Description number 5362309',NULL,NULL,NULL,False,False);
INSERT INTO "public"."events" ("id","creator_id","folder_id","name","description","timeline_start","timeline_finish","period_in_days","is_sent","is_private") VALUES (22,10,NULL,'accident','This is a description 9377922','10.06.2018 00:09:00','20.05.2018 08:18:00',NULL,False,True);
INSERT INTO "public"."events" ("id","creator_id","folder_id","name","description","timeline_start","timeline_finish","period_in_days","is_sent","is_private") VALUES (23,2,NULL,'analyze','This is a description 4805465',NULL,NULL,NULL,False,True);
INSERT INTO "public"."events" ("id","creator_id","folder_id","name","description","timeline_start","timeline_finish","period_in_days","is_sent","is_private") VALUES (24,1,NULL,'player','This is a description 6570372','17.05.2018 06:09:00','27.04.2018 07:56:00',NULL,False,False);
INSERT INTO "public"."events" ("id","creator_id","folder_id","name","description","timeline_start","timeline_finish","period_in_days","is_sent","is_private") VALUES (25,23,NULL,'beat','Description number 4696205','30.05.2018 04:00:00','26.06.2018 10:37:00',NULL,False,False);
INSERT INTO "public"."events" ("id","creator_id","folder_id","name","description","timeline_start","timeline_finish","period_in_days","is_sent","is_private") VALUES (26,13,NULL,'accurate','This is a description 4090218','24.05.2018 03:27:00','10.07.2018 05:37:00',NULL,False,True);
INSERT INTO "public"."events" ("id","creator_id","folder_id","name","description","timeline_start","timeline_finish","period_in_days","is_sent","is_private") VALUES (27,17,NULL,'provision','Description number 4606729','25.05.2018 02:52:00','02.06.2018 05:31:00',NULL,True,False);
INSERT INTO "public"."events" ("id","creator_id","folder_id","name","description","timeline_start","timeline_finish","period_in_days","is_sent","is_private") VALUES (28,25,NULL,'acknowledge','This is a description 1388182','10.06.2018 03:57:00','07.04.2018 06:20:00',5,True,False);
INSERT INTO "public"."events" ("id","creator_id","folder_id","name","description","timeline_start","timeline_finish","period_in_days","is_sent","is_private") VALUES (29,1,NULL,'scenario','This is a description 5279858','08.06.2018 06:11:00','25.04.2018 10:51:00',3,False,True);
INSERT INTO "public"."events" ("id","creator_id","folder_id","name","description","timeline_start","timeline_finish","period_in_days","is_sent","is_private") VALUES (30,8,NULL,'representation','This is a description 4114027','22.05.2018 03:44:00','02.06.2018 09:38:00',NULL,True,True);
INSERT INTO "public"."events" ("id","creator_id","folder_id","name","description","timeline_start","timeline_finish","period_in_days","is_sent","is_private") VALUES (31,20,1,'involvement','This is a description 0825545',NULL,NULL,NULL,False,False);
INSERT INTO "public"."events" ("id","creator_id","folder_id","name","description","timeline_start","timeline_finish","period_in_days","is_sent","is_private") VALUES (32,13,NULL,'camera','This is a description 4155688','30.05.2018 06:35:00','08.04.2018 10:35:00',NULL,False,False);
INSERT INTO "public"."events" ("id","creator_id","folder_id","name","description","timeline_start","timeline_finish","period_in_days","is_sent","is_private") VALUES (33,19,12,'conclusion','This is a description 7190239',NULL,NULL,NULL,False,True);
INSERT INTO "public"."events" ("id","creator_id","folder_id","name","description","timeline_start","timeline_finish","period_in_days","is_sent","is_private") VALUES (34,7,NULL,'scale','Description number 0575664','13.05.2018 00:33:00','14.07.2018 02:31:00',NULL,False,False);
INSERT INTO "public"."events" ("id","creator_id","folder_id","name","description","timeline_start","timeline_finish","period_in_days","is_sent","is_private") VALUES (35,12,18,'entry','This is a description 6883141',NULL,NULL,NULL,False,False);
INSERT INTO "public"."events" ("id","creator_id","folder_id","name","description","timeline_start","timeline_finish","period_in_days","is_sent","is_private") VALUES (36,21,NULL,'journal','This is a description 3249923',NULL,NULL,NULL,False,True);
INSERT INTO "public"."events" ("id","creator_id","folder_id","name","description","timeline_start","timeline_finish","period_in_days","is_sent","is_private") VALUES (37,14,NULL,'retire','This is a description 5740071',NULL,NULL,NULL,False,False);
INSERT INTO "public"."events" ("id","creator_id","folder_id","name","description","timeline_start","timeline_finish","period_in_days","is_sent","is_private") VALUES (38,2,NULL,'introduction','Description number 0113935','10.06.2018 10:16:00','08.06.2018 09:38:00',NULL,True,True);
INSERT INTO "public"."events" ("id","creator_id","folder_id","name","description","timeline_start","timeline_finish","period_in_days","is_sent","is_private") VALUES (39,15,NULL,'switch','This is a description 0395474','30.05.2018 08:49:00','07.07.2018 05:16:00',1,True,False);
INSERT INTO "public"."events" ("id","creator_id","folder_id","name","description","timeline_start","timeline_finish","period_in_days","is_sent","is_private") VALUES (40,5,NULL,'shortly','This is a description 4960189','03.06.2018 06:11:00','24.04.2018 07:55:00',10,False,True);
INSERT INTO "public"."events" ("id","creator_id","folder_id","name","description","timeline_start","timeline_finish","period_in_days","is_sent","is_private") VALUES (41,13,NULL,'satisfy','This is a description 8728862','07.06.2018 03:15:00','11.07.2018 06:53:00',NULL,False,False);
INSERT INTO "public"."events" ("id","creator_id","folder_id","name","description","timeline_start","timeline_finish","period_in_days","is_sent","is_private") VALUES (42,1,NULL,'owner','Description number 4574947',NULL,NULL,NULL,True,False);
INSERT INTO "public"."events" ("id","creator_id","folder_id","name","description","timeline_start","timeline_finish","period_in_days","is_sent","is_private") VALUES (43,11,NULL,'unable','This is a description 2061383','15.05.2018 05:17:00','03.07.2018 05:43:00',NULL,False,False);
INSERT INTO "public"."events" ("id","creator_id","folder_id","name","description","timeline_start","timeline_finish","period_in_days","is_sent","is_private") VALUES (44,1,NULL,'freedom','This is a description 5732308','30.05.2018 04:26:00','16.05.2018 07:07:00',19,True,False);
INSERT INTO "public"."events" ("id","creator_id","folder_id","name","description","timeline_start","timeline_finish","period_in_days","is_sent","is_private") VALUES (45,14,NULL,'college','This is a description 2946039','13.05.2018 09:01:00','02.06.2018 02:39:00',NULL,False,False);
INSERT INTO "public"."events" ("id","creator_id","folder_id","name","description","timeline_start","timeline_finish","period_in_days","is_sent","is_private") VALUES (46,19,NULL,'usual','This is a description 7239728','02.06.2018 04:52:00','16.05.2018 01:45:00',NULL,False,False);
INSERT INTO "public"."events" ("id","creator_id","folder_id","name","description","timeline_start","timeline_finish","period_in_days","is_sent","is_private") VALUES (47,22,NULL,'celebrate','This is a description 6454702','21.05.2018 00:49:00','15.04.2018 01:55:00',NULL,False,True);
INSERT INTO "public"."events" ("id","creator_id","folder_id","name","description","timeline_start","timeline_finish","period_in_days","is_sent","is_private") VALUES (48,25,NULL,'gap','Description number 8450641',NULL,NULL,NULL,True,True);
INSERT INTO "public"."events" ("id","creator_id","folder_id","name","description","timeline_start","timeline_finish","period_in_days","is_sent","is_private") VALUES (49,11,NULL,'worker','Description number 5153346','19.05.2018 09:26:00','08.06.2018 09:05:00',NULL,False,True);
INSERT INTO "public"."events" ("id","creator_id","folder_id","name","description","timeline_start","timeline_finish","period_in_days","is_sent","is_private") VALUES (50,9,NULL,'carefully','This is a description 4704952','12.06.2018 07:32:00','06.07.2018 10:25:00',NULL,True,True);
--------------------------
--Participants------------
--------------------------
INSERT INTO "public"."participants" ("id","user_id","event_id","priority_id") VALUES (1,6,2,1);
INSERT INTO "public"."participants" ("id","user_id","event_id","priority_id") VALUES (2,6,2,0);
INSERT INTO "public"."participants" ("id","user_id","event_id","priority_id") VALUES (3,6,3,2);
INSERT INTO "public"."participants" ("id","user_id","event_id","priority_id") VALUES (4,9,3,2);
INSERT INTO "public"."participants" ("id","user_id","event_id","priority_id") VALUES (5,9,4,2);
INSERT INTO "public"."participants" ("id","user_id","event_id","priority_id") VALUES (6,12,10,2);
INSERT INTO "public"."participants" ("id","user_id","event_id","priority_id") VALUES (7,12,10,2);
INSERT INTO "public"."participants" ("id","user_id","event_id","priority_id") VALUES (8,20,19,0);
INSERT INTO "public"."participants" ("id","user_id","event_id","priority_id") VALUES (9,20,21,0);
INSERT INTO "public"."participants" ("id","user_id","event_id","priority_id") VALUES (10,20,21,0);
INSERT INTO "public"."participants" ("id","user_id","event_id","priority_id") VALUES (11,2,21,2);
INSERT INTO "public"."participants" ("id","user_id","event_id","priority_id") VALUES (12,11,25,2);
INSERT INTO "public"."participants" ("id","user_id","event_id","priority_id") VALUES (13,11,25,0);
INSERT INTO "public"."participants" ("id","user_id","event_id","priority_id") VALUES (14,12,25,0);
INSERT INTO "public"."participants" ("id","user_id","event_id","priority_id") VALUES (15,12,32,2);
INSERT INTO "public"."participants" ("id","user_id","event_id","priority_id") VALUES (16,15,41,2);
INSERT INTO "public"."participants" ("id","user_id","event_id","priority_id") VALUES (17,15,44,1);
INSERT INTO "public"."participants" ("id","user_id","event_id","priority_id") VALUES (18,15,44,1);
INSERT INTO "public"."participants" ("id","user_id","event_id","priority_id") VALUES (19,23,48,2);
INSERT INTO "public"."participants" ("id","user_id","event_id","priority_id") VALUES (20,3,48,2);
INSERT INTO "public"."participants" ("id","user_id","event_id","priority_id") VALUES (21,7,50,0);
INSERT INTO "public"."participants" ("id","user_id","event_id","priority_id") VALUES (22,7,50,0);
INSERT INTO "public"."participants" ("id","user_id","event_id","priority_id") VALUES (23,7,4,0);
INSERT INTO "public"."participants" ("id","user_id","event_id","priority_id") VALUES (24,17,4,1);
INSERT INTO "public"."participants" ("id","user_id","event_id","priority_id") VALUES (25,17,4,1);
INSERT INTO "public"."participants" ("id","user_id","event_id","priority_id") VALUES (26,17,12,1);
INSERT INTO "public"."participants" ("id","user_id","event_id","priority_id") VALUES (27,21,21,0);
INSERT INTO "public"."participants" ("id","user_id","event_id","priority_id") VALUES (28,23,21,0);
INSERT INTO "public"."participants" ("id","user_id","event_id","priority_id") VALUES (29,23,21,0);
INSERT INTO "public"."participants" ("id","user_id","event_id","priority_id") VALUES (30,23,31,0);
INSERT INTO "public"."participants" ("id","user_id","event_id","priority_id") VALUES (31,2,31,0);
INSERT INTO "public"."participants" ("id","user_id","event_id","priority_id") VALUES (32,2,31,1);
INSERT INTO "public"."participants" ("id","user_id","event_id","priority_id") VALUES (33,5,34,1);
INSERT INTO "public"."participants" ("id","user_id","event_id","priority_id") VALUES (34,5,34,1);
INSERT INTO "public"."participants" ("id","user_id","event_id","priority_id") VALUES (35,11,39,2);
INSERT INTO "public"."participants" ("id","user_id","event_id","priority_id") VALUES (36,11,45,2);
INSERT INTO "public"."participants" ("id","user_id","event_id","priority_id") VALUES (37,15,45,2);
INSERT INTO "public"."participants" ("id","user_id","event_id","priority_id") VALUES (38,15,46,0);
INSERT INTO "public"."participants" ("id","user_id","event_id","priority_id") VALUES (39,15,46,1);
INSERT INTO "public"."participants" ("id","user_id","event_id","priority_id") VALUES (40,23,6,1);
INSERT INTO "public"."participants" ("id","user_id","event_id","priority_id") VALUES (41,23,6,2);
INSERT INTO "public"."participants" ("id","user_id","event_id","priority_id") VALUES (42,4,13,2);
INSERT INTO "public"."participants" ("id","user_id","event_id","priority_id") VALUES (43,4,13,0);
INSERT INTO "public"."participants" ("id","user_id","event_id","priority_id") VALUES (44,6,17,0);
INSERT INTO "public"."participants" ("id","user_id","event_id","priority_id") VALUES (45,14,17,0);
INSERT INTO "public"."participants" ("id","user_id","event_id","priority_id") VALUES (46,14,25,1);
INSERT INTO "public"."participants" ("id","user_id","event_id","priority_id") VALUES (47,22,25,2);
INSERT INTO "public"."participants" ("id","user_id","event_id","priority_id") VALUES (48,22,26,0);
INSERT INTO "public"."participants" ("id","user_id","event_id","priority_id") VALUES (49,5,26,0);
INSERT INTO "public"."participants" ("id","user_id","event_id","priority_id") VALUES (50,5,26,0);
INSERT INTO "public"."participants" ("id","user_id","event_id","priority_id") VALUES (51,10,34,0);
INSERT INTO "public"."participants" ("id","user_id","event_id","priority_id") VALUES (52,10,34,1);
INSERT INTO "public"."participants" ("id","user_id","event_id","priority_id") VALUES (53,12,34,1);
INSERT INTO "public"."participants" ("id","user_id","event_id","priority_id") VALUES (54,12,42,1);
INSERT INTO "public"."participants" ("id","user_id","event_id","priority_id") VALUES (55,12,42,2);
INSERT INTO "public"."participants" ("id","user_id","event_id","priority_id") VALUES (56,19,49,0);
INSERT INTO "public"."participants" ("id","user_id","event_id","priority_id") VALUES (57,19,49,0);
INSERT INTO "public"."participants" ("id","user_id","event_id","priority_id") VALUES (58,21,50,0);
INSERT INTO "public"."participants" ("id","user_id","event_id","priority_id") VALUES (59,4,50,0);
INSERT INTO "public"."participants" ("id","user_id","event_id","priority_id") VALUES (60,4,50,2);
INSERT INTO "public"."participants" ("id","user_id","event_id","priority_id") VALUES (61,8,3,1);
INSERT INTO "public"."participants" ("id","user_id","event_id","priority_id") VALUES (62,8,3,0);
INSERT INTO "public"."participants" ("id","user_id","event_id","priority_id") VALUES (63,8,9,2);
INSERT INTO "public"."participants" ("id","user_id","event_id","priority_id") VALUES (64,15,9,2);
INSERT INTO "public"."participants" ("id","user_id","event_id","priority_id") VALUES (65,15,9,0);
INSERT INTO "public"."participants" ("id","user_id","event_id","priority_id") VALUES (66,15,18,0);
INSERT INTO "public"."participants" ("id","user_id","event_id","priority_id") VALUES (67,16,26,0);
INSERT INTO "public"."participants" ("id","user_id","event_id","priority_id") VALUES (68,16,26,1);
INSERT INTO "public"."participants" ("id","user_id","event_id","priority_id") VALUES (69,24,36,1);
INSERT INTO "public"."participants" ("id","user_id","event_id","priority_id") VALUES (70,7,36,1);
INSERT INTO "public"."participants" ("id","user_id","event_id","priority_id") VALUES (71,7,36,1);
INSERT INTO "public"."participants" ("id","user_id","event_id","priority_id") VALUES (72,16,42,1);
INSERT INTO "public"."participants" ("id","user_id","event_id","priority_id") VALUES (73,24,42,1);
INSERT INTO "public"."participants" ("id","user_id","event_id","priority_id") VALUES (74,24,42,2);
INSERT INTO "public"."participants" ("id","user_id","event_id","priority_id") VALUES (75,24,1,0);
INSERT INTO "public"."participants" ("id","user_id","event_id","priority_id") VALUES (76,4,1,0);
INSERT INTO "public"."participants" ("id","user_id","event_id","priority_id") VALUES (77,13,1,1);
INSERT INTO "public"."participants" ("id","user_id","event_id","priority_id") VALUES (78,13,10,1);
INSERT INTO "public"."participants" ("id","user_id","event_id","priority_id") VALUES (79,13,10,1);
INSERT INTO "public"."participants" ("id","user_id","event_id","priority_id") VALUES (80,20,12,0);
INSERT INTO "public"."participants" ("id","user_id","event_id","priority_id") VALUES (81,20,12,1);
INSERT INTO "public"."participants" ("id","user_id","event_id","priority_id") VALUES (82,20,12,1);
INSERT INTO "public"."participants" ("id","user_id","event_id","priority_id") VALUES (83,4,15,1);
INSERT INTO "public"."participants" ("id","user_id","event_id","priority_id") VALUES (84,8,15,1);
INSERT INTO "public"."participants" ("id","user_id","event_id","priority_id") VALUES (85,8,19,1);
INSERT INTO "public"."participants" ("id","user_id","event_id","priority_id") VALUES (86,10,19,1);
INSERT INTO "public"."participants" ("id","user_id","event_id","priority_id") VALUES (87,10,27,0);
INSERT INTO "public"."participants" ("id","user_id","event_id","priority_id") VALUES (88,10,27,0);
INSERT INTO "public"."participants" ("id","user_id","event_id","priority_id") VALUES (89,14,32,0);
INSERT INTO "public"."participants" ("id","user_id","event_id","priority_id") VALUES (90,14,40,1);
INSERT INTO "public"."participants" ("id","user_id","event_id","priority_id") VALUES (91,17,40,1);
INSERT INTO "public"."participants" ("id","user_id","event_id","priority_id") VALUES (92,18,50,1);
INSERT INTO "public"."participants" ("id","user_id","event_id","priority_id") VALUES (93,18,9,1);
INSERT INTO "public"."participants" ("id","user_id","event_id","priority_id") VALUES (94,25,9,1);
INSERT INTO "public"."participants" ("id","user_id","event_id","priority_id") VALUES (95,25,9,2);
INSERT INTO "public"."participants" ("id","user_id","event_id","priority_id") VALUES (96,10,15,2);
INSERT INTO "public"."participants" ("id","user_id","event_id","priority_id") VALUES (97,10,15,2);
INSERT INTO "public"."participants" ("id","user_id","event_id","priority_id") VALUES (98,10,22,2);
INSERT INTO "public"."participants" ("id","user_id","event_id","priority_id") VALUES (99,13,22,2);
INSERT INTO "public"."participants" ("id","user_id","event_id","priority_id") VALUES (100,21,26,2);
INSERT INTO "public"."participants" ("id","user_id","event_id","priority_id") VALUES (101,3,36,2);
INSERT INTO "public"."participants" ("id","user_id","event_id","priority_id") VALUES (102,3,36,0);
INSERT INTO "public"."participants" ("id","user_id","event_id","priority_id") VALUES (103,3,42,0);
INSERT INTO "public"."participants" ("id","user_id","event_id","priority_id") VALUES (104,10,43,1);
INSERT INTO "public"."participants" ("id","user_id","event_id","priority_id") VALUES (105,16,3,1);
INSERT INTO "public"."participants" ("id","user_id","event_id","priority_id") VALUES (106,16,8,2);
INSERT INTO "public"."participants" ("id","user_id","event_id","priority_id") VALUES (107,1,12,2);
INSERT INTO "public"."participants" ("id","user_id","event_id","priority_id") VALUES (108,1,12,2);
INSERT INTO "public"."participants" ("id","user_id","event_id","priority_id") VALUES (109,1,12,2);
INSERT INTO "public"."participants" ("id","user_id","event_id","priority_id") VALUES (110,3,20,1);
INSERT INTO "public"."participants" ("id","user_id","event_id","priority_id") VALUES (111,3,20,0);
INSERT INTO "public"."participants" ("id","user_id","event_id","priority_id") VALUES (112,11,20,2);
INSERT INTO "public"."participants" ("id","user_id","event_id","priority_id") VALUES (113,11,27,2);
INSERT INTO "public"."participants" ("id","user_id","event_id","priority_id") VALUES (114,12,33,2);
INSERT INTO "public"."participants" ("id","user_id","event_id","priority_id") VALUES (115,12,33,1);
INSERT INTO "public"."participants" ("id","user_id","event_id","priority_id") VALUES (116,12,40,2);
INSERT INTO "public"."participants" ("id","user_id","event_id","priority_id") VALUES (117,17,40,0);
INSERT INTO "public"."participants" ("id","user_id","event_id","priority_id") VALUES (118,17,48,2);
INSERT INTO "public"."participants" ("id","user_id","event_id","priority_id") VALUES (119,22,48,2);
INSERT INTO "public"."participants" ("id","user_id","event_id","priority_id") VALUES (120,22,48,0);
INSERT INTO "public"."participants" ("id","user_id","event_id","priority_id") VALUES (121,24,7,0);
INSERT INTO "public"."participants" ("id","user_id","event_id","priority_id") VALUES (122,1,7,0);
INSERT INTO "public"."participants" ("id","user_id","event_id","priority_id") VALUES (123,1,11,0);
INSERT INTO "public"."participants" ("id","user_id","event_id","priority_id") VALUES (124,11,11,0);
INSERT INTO "public"."participants" ("id","user_id","event_id","priority_id") VALUES (125,11,19,0);
INSERT INTO "public"."participants" ("id","user_id","event_id","priority_id") VALUES (126,14,19,0);
INSERT INTO "public"."participants" ("id","user_id","event_id","priority_id") VALUES (127,14,19,2);
INSERT INTO "public"."participants" ("id","user_id","event_id","priority_id") VALUES (128,14,23,2);
INSERT INTO "public"."participants" ("id","user_id","event_id","priority_id") VALUES (129,19,23,2);
INSERT INTO "public"."participants" ("id","user_id","event_id","priority_id") VALUES (130,19,23,0);
INSERT INTO "public"."participants" ("id","user_id","event_id","priority_id") VALUES (131,19,32,0);
INSERT INTO "public"."participants" ("id","user_id","event_id","priority_id") VALUES (132,1,38,2);
INSERT INTO "public"."participants" ("id","user_id","event_id","priority_id") VALUES (133,3,42,2);
INSERT INTO "public"."participants" ("id","user_id","event_id","priority_id") VALUES (134,6,42,2);
INSERT INTO "public"."participants" ("id","user_id","event_id","priority_id") VALUES (135,14,45,2);
INSERT INTO "public"."participants" ("id","user_id","event_id","priority_id") VALUES (136,19,2,0);
INSERT INTO "public"."participants" ("id","user_id","event_id","priority_id") VALUES (137,19,2,1);
INSERT INTO "public"."participants" ("id","user_id","event_id","priority_id") VALUES (138,23,11,2);
INSERT INTO "public"."participants" ("id","user_id","event_id","priority_id") VALUES (139,23,17,2);
INSERT INTO "public"."participants" ("id","user_id","event_id","priority_id") VALUES (140,3,27,2);
INSERT INTO "public"."participants" ("id","user_id","event_id","priority_id") VALUES (141,3,27,0);
INSERT INTO "public"."participants" ("id","user_id","event_id","priority_id") VALUES (142,3,30,0);
INSERT INTO "public"."participants" ("id","user_id","event_id","priority_id") VALUES (143,10,30,2);
INSERT INTO "public"."participants" ("id","user_id","event_id","priority_id") VALUES (144,10,30,2);
INSERT INTO "public"."participants" ("id","user_id","event_id","priority_id") VALUES (145,12,35,2);
INSERT INTO "public"."participants" ("id","user_id","event_id","priority_id") VALUES (146,12,44,2);
INSERT INTO "public"."participants" ("id","user_id","event_id","priority_id") VALUES (147,19,44,1);
INSERT INTO "public"."participants" ("id","user_id","event_id","priority_id") VALUES (148,19,47,1);
INSERT INTO "public"."participants" ("id","user_id","event_id","priority_id") VALUES (149,23,47,1);
INSERT INTO "public"."participants" ("id","user_id","event_id","priority_id") VALUES (150,23,3,0);
--------------------------
--Wishlists---------------
--------------------------
INSERT INTO "public"."wishlists" ("id","name","user_id") VALUES (1,NULL,1);
INSERT INTO "public"."wishlists" ("id","name","user_id") VALUES (2,NULL,2);
INSERT INTO "public"."wishlists" ("id","name","user_id") VALUES (3,NULL,3);
INSERT INTO "public"."wishlists" ("id","name","user_id") VALUES (4,NULL,4);
INSERT INTO "public"."wishlists" ("id","name","user_id") VALUES (5,NULL,5);
INSERT INTO "public"."wishlists" ("id","name","user_id") VALUES (6,NULL,6);
INSERT INTO "public"."wishlists" ("id","name","user_id") VALUES (7,NULL,7);
INSERT INTO "public"."wishlists" ("id","name","user_id") VALUES (8,NULL,8);
INSERT INTO "public"."wishlists" ("id","name","user_id") VALUES (9,NULL,9);
INSERT INTO "public"."wishlists" ("id","name","user_id") VALUES (10,NULL,10);
INSERT INTO "public"."wishlists" ("id","name","user_id") VALUES (11,NULL,11);
INSERT INTO "public"."wishlists" ("id","name","user_id") VALUES (12,NULL,12);
INSERT INTO "public"."wishlists" ("id","name","user_id") VALUES (13,NULL,13);
INSERT INTO "public"."wishlists" ("id","name","user_id") VALUES (14,NULL,14);
INSERT INTO "public"."wishlists" ("id","name","user_id") VALUES (15,NULL,15);
INSERT INTO "public"."wishlists" ("id","name","user_id") VALUES (16,NULL,16);
INSERT INTO "public"."wishlists" ("id","name","user_id") VALUES (17,NULL,17);
INSERT INTO "public"."wishlists" ("id","name","user_id") VALUES (18,NULL,18);
INSERT INTO "public"."wishlists" ("id","name","user_id") VALUES (19,NULL,19);
INSERT INTO "public"."wishlists" ("id","name","user_id") VALUES (20,NULL,20);
INSERT INTO "public"."wishlists" ("id","name","user_id") VALUES (21,NULL,21);
INSERT INTO "public"."wishlists" ("id","name","user_id") VALUES (22,NULL,22);
INSERT INTO "public"."wishlists" ("id","name","user_id") VALUES (23,NULL,23);
INSERT INTO "public"."wishlists" ("id","name","user_id") VALUES (24,NULL,24);
INSERT INTO "public"."wishlists" ("id","name","user_id") VALUES (25,NULL,25);
--------------------------
--Items-------------------
--------------------------
INSERT INTO "public"."items" ("id","name","priority_id","description","wishlist_id") VALUES (1,'expert',2,'Description number 2361507',5);
INSERT INTO "public"."items" ("id","name","priority_id","description","wishlist_id") VALUES (2,'academic',2,'This is a description 5567100',5);
INSERT INTO "public"."items" ("id","name","priority_id","description","wishlist_id") VALUES (3,'spread',2,'This is a description 3349927',5);
INSERT INTO "public"."items" ("id","name","priority_id","description","wishlist_id") VALUES (4,'survey',2,'This is a description 5092116',11);
INSERT INTO "public"."items" ("id","name","priority_id","description","wishlist_id") VALUES (5,'grant',2,'This is a description 9241928',11);
INSERT INTO "public"."items" ("id","name","priority_id","description","wishlist_id") VALUES (6,'swim',0,'This is a description 8267392',14);
INSERT INTO "public"."items" ("id","name","priority_id","description","wishlist_id") VALUES (7,'lifestyle',1,'Description number 2623106',14);
INSERT INTO "public"."items" ("id","name","priority_id","description","wishlist_id") VALUES (8,'plate',1,'Description number 7827755',22);
INSERT INTO "public"."items" ("id","name","priority_id","description","wishlist_id") VALUES (9,'poverty',0,'This is a description 5380079',24);
INSERT INTO "public"."items" ("id","name","priority_id","description","wishlist_id") VALUES (10,'pull',0,'Description number 3179782',24);
INSERT INTO "public"."items" ("id","name","priority_id","description","wishlist_id") VALUES (11,'common',0,'Description number 7987012',25);
INSERT INTO "public"."items" ("id","name","priority_id","description","wishlist_id") VALUES (12,'last',0,'Description number 3093725',25);
INSERT INTO "public"."items" ("id","name","priority_id","description","wishlist_id") VALUES (13,'meet',1,'Description number 2580173',5);
INSERT INTO "public"."items" ("id","name","priority_id","description","wishlist_id") VALUES (14,'cup',1,NULL,15);
INSERT INTO "public"."items" ("id","name","priority_id","description","wishlist_id") VALUES (15,'cross',1,NULL,15);
INSERT INTO "public"."items" ("id","name","priority_id","description","wishlist_id") VALUES (16,'silence',1,'This is a description 7889183',25);
INSERT INTO "public"."items" ("id","name","priority_id","description","wishlist_id") VALUES (17,'conviction',0,NULL,25);
INSERT INTO "public"."items" ("id","name","priority_id","description","wishlist_id") VALUES (18,'other',0,'This is a description 1801391',25);
INSERT INTO "public"."items" ("id","name","priority_id","description","wishlist_id") VALUES (19,'string',1,NULL,3);
INSERT INTO "public"."items" ("id","name","priority_id","description","wishlist_id") VALUES (20,'launch',2,'This is a description 4541554',3);
INSERT INTO "public"."items" ("id","name","priority_id","description","wishlist_id") VALUES (21,'transportation',2,'This is a description 6904261',9);
INSERT INTO "public"."items" ("id","name","priority_id","description","wishlist_id") VALUES (22,'which',2,'Description number 0741471',9);
INSERT INTO "public"."items" ("id","name","priority_id","description","wishlist_id") VALUES (23,'welcome',2,'This is a description 4772932',9);
INSERT INTO "public"."items" ("id","name","priority_id","description","wishlist_id") VALUES (24,'pocket',1,'This is a description 6657337',18);
INSERT INTO "public"."items" ("id","name","priority_id","description","wishlist_id") VALUES (25,'tobacco',1,'This is a description 7737064',18);
INSERT INTO "public"."items" ("id","name","priority_id","description","wishlist_id") VALUES (26,'hero',0,NULL,22);
INSERT INTO "public"."items" ("id","name","priority_id","description","wishlist_id") VALUES (27,'group',1,'This is a description 1796879',23);
INSERT INTO "public"."items" ("id","name","priority_id","description","wishlist_id") VALUES (28,'many',1,'This is a description 6723763',23);
INSERT INTO "public"."items" ("id","name","priority_id","description","wishlist_id") VALUES (29,'firm',0,'This is a description 9699910',2);
INSERT INTO "public"."items" ("id","name","priority_id","description","wishlist_id") VALUES (30,'though',1,'Description number 3586101',2);
INSERT INTO "public"."items" ("id","name","priority_id","description","wishlist_id") VALUES (31,'thus',1,'This is a description 2970215',6);
INSERT INTO "public"."items" ("id","name","priority_id","description","wishlist_id") VALUES (32,'knee',1,NULL,12);
INSERT INTO "public"."items" ("id","name","priority_id","description","wishlist_id") VALUES (33,'wear',1,NULL,12);
INSERT INTO "public"."items" ("id","name","priority_id","description","wishlist_id") VALUES (34,'concerned',1,'This is a description 0234110',15);
INSERT INTO "public"."items" ("id","name","priority_id","description","wishlist_id") VALUES (35,'baby',0,'Description number 3167880',15);
INSERT INTO "public"."items" ("id","name","priority_id","description","wishlist_id") VALUES (36,'rely',0,NULL,17);
INSERT INTO "public"."items" ("id","name","priority_id","description","wishlist_id") VALUES (37,'knife',0,'This is a description 6252594',17);
INSERT INTO "public"."items" ("id","name","priority_id","description","wishlist_id") VALUES (38,'major',0,'This is a description 5744887',17);
INSERT INTO "public"."items" ("id","name","priority_id","description","wishlist_id") VALUES (39,'conclude',0,'This is a description 2697545',22);
INSERT INTO "public"."items" ("id","name","priority_id","description","wishlist_id") VALUES (40,'force',2,'This is a description 1659323',4);
INSERT INTO "public"."items" ("id","name","priority_id","description","wishlist_id") VALUES (41,'nature',0,'This is a description 7386397',4);
INSERT INTO "public"."items" ("id","name","priority_id","description","wishlist_id") VALUES (42,'grain',0,'Description number 8426647',7);
INSERT INTO "public"."items" ("id","name","priority_id","description","wishlist_id") VALUES (43,'terror',1,NULL,13);
INSERT INTO "public"."items" ("id","name","priority_id","description","wishlist_id") VALUES (44,'extraordinary',1,'Description number 4852794',14);
INSERT INTO "public"."items" ("id","name","priority_id","description","wishlist_id") VALUES (45,'nice',2,'This is a description 6546539',14);
INSERT INTO "public"."items" ("id","name","priority_id","description","wishlist_id") VALUES (46,'judge',2,'This is a description 8185979',14);
INSERT INTO "public"."items" ("id","name","priority_id","description","wishlist_id") VALUES (47,'tail',0,'Description number 2225231',18);
INSERT INTO "public"."items" ("id","name","priority_id","description","wishlist_id") VALUES (48,'nevertheless',0,NULL,18);
INSERT INTO "public"."items" ("id","name","priority_id","description","wishlist_id") VALUES (49,'anywhere',0,'This is a description 6193562',24);
INSERT INTO "public"."items" ("id","name","priority_id","description","wishlist_id") VALUES (50,'man',0,'This is a description 0144530',5);
INSERT INTO "public"."items" ("id","name","priority_id","description","wishlist_id") VALUES (51,'tight',2,'This is a description 2814258',5);
INSERT INTO "public"."items" ("id","name","priority_id","description","wishlist_id") VALUES (52,'concerned',2,NULL,11);
INSERT INTO "public"."items" ("id","name","priority_id","description","wishlist_id") VALUES (53,'tool',0,'Description number 1477765',19);
INSERT INTO "public"."items" ("id","name","priority_id","description","wishlist_id") VALUES (54,'art',0,'Description number 5390114',19);
INSERT INTO "public"."items" ("id","name","priority_id","description","wishlist_id") VALUES (55,'sensitive',0,'Description number 0130763',24);
INSERT INTO "public"."items" ("id","name","priority_id","description","wishlist_id") VALUES (56,'politically',0,NULL,9);
INSERT INTO "public"."items" ("id","name","priority_id","description","wishlist_id") VALUES (57,'analysis',0,'This is a description 5903330',9);
INSERT INTO "public"."items" ("id","name","priority_id","description","wishlist_id") VALUES (58,'explain',1,'This is a description 3460039',9);
INSERT INTO "public"."items" ("id","name","priority_id","description","wishlist_id") VALUES (59,'mine',1,NULL,10);
INSERT INTO "public"."items" ("id","name","priority_id","description","wishlist_id") VALUES (60,'potential',1,'This is a description 0845592',10);
INSERT INTO "public"."items" ("id","name","priority_id","description","wishlist_id") VALUES (61,'itself',0,'This is a description 7441987',15);
INSERT INTO "public"."items" ("id","name","priority_id","description","wishlist_id") VALUES (62,'rifle',0,NULL,15);
INSERT INTO "public"."items" ("id","name","priority_id","description","wishlist_id") VALUES (63,'situation',0,NULL,20);
INSERT INTO "public"."items" ("id","name","priority_id","description","wishlist_id") VALUES (64,'wine',0,'Description number 7462602',20);
INSERT INTO "public"."items" ("id","name","priority_id","description","wishlist_id") VALUES (65,'transportation',2,'This is a description 0492820',20);
INSERT INTO "public"."items" ("id","name","priority_id","description","wishlist_id") VALUES (66,'manner',2,NULL,4);
INSERT INTO "public"."items" ("id","name","priority_id","description","wishlist_id") VALUES (67,'north',2,'Description number 6366071',12);
INSERT INTO "public"."items" ("id","name","priority_id","description","wishlist_id") VALUES (68,'climb',0,'This is a description 0044265',12);
INSERT INTO "public"."items" ("id","name","priority_id","description","wishlist_id") VALUES (69,'modest',0,'Description number 7821791',22);
INSERT INTO "public"."items" ("id","name","priority_id","description","wishlist_id") VALUES (70,'investment',0,'Description number 4900738',22);
INSERT INTO "public"."items" ("id","name","priority_id","description","wishlist_id") VALUES (71,'physician',0,'Description number 0787833',4);
INSERT INTO "public"."items" ("id","name","priority_id","description","wishlist_id") VALUES (72,'just',0,'This is a description 9826601',4);
INSERT INTO "public"."items" ("id","name","priority_id","description","wishlist_id") VALUES (73,'marriage',2,'Description number 4944570',4);
INSERT INTO "public"."items" ("id","name","priority_id","description","wishlist_id") VALUES (74,'disagree',0,'Description number 2068061',12);
INSERT INTO "public"."items" ("id","name","priority_id","description","wishlist_id") VALUES (75,'Chinese',0,'This is a description 8351487',12);
INSERT INTO "public"."items" ("id","name","priority_id","description","wishlist_id") VALUES (76,'go',0,'This is a description 8755938',12);
INSERT INTO "public"."items" ("id","name","priority_id","description","wishlist_id") VALUES (77,'chamber',0,'This is a description 1152588',13);
INSERT INTO "public"."items" ("id","name","priority_id","description","wishlist_id") VALUES (78,'prove',0,'This is a description 9198993',13);
INSERT INTO "public"."items" ("id","name","priority_id","description","wishlist_id") VALUES (79,'mass',0,'This is a description 4547828',18);
INSERT INTO "public"."items" ("id","name","priority_id","description","wishlist_id") VALUES (80,'patch',1,NULL,18);
INSERT INTO "public"."items" ("id","name","priority_id","description","wishlist_id") VALUES (81,'existing',2,'Description number 0854645',18);
INSERT INTO "public"."items" ("id","name","priority_id","description","wishlist_id") VALUES (82,'breakfast',2,'Description number 5868617',24);
INSERT INTO "public"."items" ("id","name","priority_id","description","wishlist_id") VALUES (83,'fellow',2,NULL,24);
INSERT INTO "public"."items" ("id","name","priority_id","description","wishlist_id") VALUES (84,'motor',0,NULL,24);
INSERT INTO "public"."items" ("id","name","priority_id","description","wishlist_id") VALUES (85,'comfort',0,'Description number 7692099',5);
INSERT INTO "public"."items" ("id","name","priority_id","description","wishlist_id") VALUES (86,'campus',0,'This is a description 6176797',5);
INSERT INTO "public"."items" ("id","name","priority_id","description","wishlist_id") VALUES (87,'literature',1,'This is a description 4567571',12);
INSERT INTO "public"."items" ("id","name","priority_id","description","wishlist_id") VALUES (88,'activist',1,NULL,12);
INSERT INTO "public"."items" ("id","name","priority_id","description","wishlist_id") VALUES (89,'sigh',0,'This is a description 6797066',20);
INSERT INTO "public"."items" ("id","name","priority_id","description","wishlist_id") VALUES (90,'local',0,'This is a description 3904545',20);
INSERT INTO "public"."items" ("id","name","priority_id","description","wishlist_id") VALUES (91,'technical',0,'Description number 4447442',22);
INSERT INTO "public"."items" ("id","name","priority_id","description","wishlist_id") VALUES (92,'remarkable',1,NULL,7);
INSERT INTO "public"."items" ("id","name","priority_id","description","wishlist_id") VALUES (93,'provider',1,NULL,7);
INSERT INTO "public"."items" ("id","name","priority_id","description","wishlist_id") VALUES (94,'perception',1,'Description number 4790897',14);
INSERT INTO "public"."items" ("id","name","priority_id","description","wishlist_id") VALUES (95,'above',1,'Description number 3779424',14);
INSERT INTO "public"."items" ("id","name","priority_id","description","wishlist_id") VALUES (96,'arrangement',2,'This is a description 3349846',14);
INSERT INTO "public"."items" ("id","name","priority_id","description","wishlist_id") VALUES (97,'existing',2,NULL,22);
INSERT INTO "public"."items" ("id","name","priority_id","description","wishlist_id") VALUES (98,'soccer',2,'This is a description 8845666',2);
INSERT INTO "public"."items" ("id","name","priority_id","description","wishlist_id") VALUES (99,'receive',2,'Description number 8607266',2);
INSERT INTO "public"."items" ("id","name","priority_id","description","wishlist_id") VALUES (100,'funny',0,'Description number 4919524',2);
INSERT INTO "public"."items" ("id","name","priority_id","description","wishlist_id") VALUES (101,'drug',2,'This is a description 2406906',5);
INSERT INTO "public"."items" ("id","name","priority_id","description","wishlist_id") VALUES (102,'expert',0,NULL,5);
INSERT INTO "public"."items" ("id","name","priority_id","description","wishlist_id") VALUES (103,'dramatically',0,'This is a description 9851260',8);
INSERT INTO "public"."items" ("id","name","priority_id","description","wishlist_id") VALUES (104,'slip',2,'Description number 6589111',8);
INSERT INTO "public"."items" ("id","name","priority_id","description","wishlist_id") VALUES (105,'preparation',2,'This is a description 6139487',9);
INSERT INTO "public"."items" ("id","name","priority_id","description","wishlist_id") VALUES (106,'adequate',2,'This is a description 5362510',9);
INSERT INTO "public"."items" ("id","name","priority_id","description","wishlist_id") VALUES (107,'scholar',2,'Description number 8699961',9);
INSERT INTO "public"."items" ("id","name","priority_id","description","wishlist_id") VALUES (108,'barely',2,'Description number 9102291',16);
INSERT INTO "public"."items" ("id","name","priority_id","description","wishlist_id") VALUES (109,'four',2,'Description number 6802768',16);
INSERT INTO "public"."items" ("id","name","priority_id","description","wishlist_id") VALUES (110,'word',2,'Description number 1465058',1);
INSERT INTO "public"."items" ("id","name","priority_id","description","wishlist_id") VALUES (111,'angle',1,'This is a description 8549121',1);
INSERT INTO "public"."items" ("id","name","priority_id","description","wishlist_id") VALUES (112,'arrest',1,'This is a description 9742111',1);
INSERT INTO "public"."items" ("id","name","priority_id","description","wishlist_id") VALUES (113,'exactly',1,'Description number 1436079',10);
INSERT INTO "public"."items" ("id","name","priority_id","description","wishlist_id") VALUES (114,'tend',1,'Description number 4003027',10);
INSERT INTO "public"."items" ("id","name","priority_id","description","wishlist_id") VALUES (115,'economics',1,'This is a description 8695212',10);
INSERT INTO "public"."items" ("id","name","priority_id","description","wishlist_id") VALUES (116,'works',0,'Description number 3823866',17);
INSERT INTO "public"."items" ("id","name","priority_id","description","wishlist_id") VALUES (117,'acquire',1,'This is a description 2179903',22);
INSERT INTO "public"."items" ("id","name","priority_id","description","wishlist_id") VALUES (118,'alcohol',2,'Description number 3138512',22);
INSERT INTO "public"."items" ("id","name","priority_id","description","wishlist_id") VALUES (119,'low',0,'Description number 8315411',22);
INSERT INTO "public"."items" ("id","name","priority_id","description","wishlist_id") VALUES (120,'mouth',0,NULL,2);
INSERT INTO "public"."items" ("id","name","priority_id","description","wishlist_id") VALUES (121,'patient',0,NULL,2);
INSERT INTO "public"."items" ("id","name","priority_id","description","wishlist_id") VALUES (122,'act',0,'Description number 6432687',2);
INSERT INTO "public"."items" ("id","name","priority_id","description","wishlist_id") VALUES (123,'tax',0,NULL,11);
INSERT INTO "public"."items" ("id","name","priority_id","description","wishlist_id") VALUES (124,'flow',0,'This is a description 7049421',17);
INSERT INTO "public"."items" ("id","name","priority_id","description","wishlist_id") VALUES (125,'opposition',0,'Description number 7564088',24);
INSERT INTO "public"."items" ("id","name","priority_id","description","wishlist_id") VALUES (126,'ocean',1,'Description number 2833202',5);
INSERT INTO "public"."items" ("id","name","priority_id","description","wishlist_id") VALUES (127,'element',2,'Description number 5617120',5);
INSERT INTO "public"."items" ("id","name","priority_id","description","wishlist_id") VALUES (128,'letter',2,NULL,7);
INSERT INTO "public"."items" ("id","name","priority_id","description","wishlist_id") VALUES (129,'contest',2,'Description number 9573133',7);
INSERT INTO "public"."items" ("id","name","priority_id","description","wishlist_id") VALUES (130,'proportion',1,'This is a description 7371384',7);
INSERT INTO "public"."items" ("id","name","priority_id","description","wishlist_id") VALUES (131,'symbol',1,'This is a description 2225361',9);
INSERT INTO "public"."items" ("id","name","priority_id","description","wishlist_id") VALUES (132,'bad',1,NULL,9);
INSERT INTO "public"."items" ("id","name","priority_id","description","wishlist_id") VALUES (133,'museum',1,'This is a description 5044644',18);
INSERT INTO "public"."items" ("id","name","priority_id","description","wishlist_id") VALUES (134,'fully',0,'Description number 7464443',22);
INSERT INTO "public"."items" ("id","name","priority_id","description","wishlist_id") VALUES (135,'toe',2,NULL,22);
INSERT INTO "public"."items" ("id","name","priority_id","description","wishlist_id") VALUES (136,'thus',2,'This is a description 1287954',22);
INSERT INTO "public"."items" ("id","name","priority_id","description","wishlist_id") VALUES (137,'teacher',0,'Description number 1434335',7);
INSERT INTO "public"."items" ("id","name","priority_id","description","wishlist_id") VALUES (138,'load',0,'Description number 0097242',10);
INSERT INTO "public"."items" ("id","name","priority_id","description","wishlist_id") VALUES (139,'week',0,'Description number 1716604',11);
INSERT INTO "public"."items" ("id","name","priority_id","description","wishlist_id") VALUES (140,'toss',2,'Description number 4045550',12);
INSERT INTO "public"."items" ("id","name","priority_id","description","wishlist_id") VALUES (141,'arm',2,'This is a description 4193925',17);
INSERT INTO "public"."items" ("id","name","priority_id","description","wishlist_id") VALUES (142,'aspect',0,'This is a description 5961844',17);
INSERT INTO "public"."items" ("id","name","priority_id","description","wishlist_id") VALUES (143,'substantial',2,'Description number 6033652',23);
INSERT INTO "public"."items" ("id","name","priority_id","description","wishlist_id") VALUES (144,'that',2,'This is a description 2556058',23);
INSERT INTO "public"."items" ("id","name","priority_id","description","wishlist_id") VALUES (145,'press',2,'Description number 8036398',1);
INSERT INTO "public"."items" ("id","name","priority_id","description","wishlist_id") VALUES (146,'narrow',0,'Description number 6646617',8);
INSERT INTO "public"."items" ("id","name","priority_id","description","wishlist_id") VALUES (147,'undergo',2,'Description number 6970410',10);
INSERT INTO "public"."items" ("id","name","priority_id","description","wishlist_id") VALUES (148,'aside',2,'This is a description 3198794',14);
INSERT INTO "public"."items" ("id","name","priority_id","description","wishlist_id") VALUES (149,'mistake',0,NULL,14);
INSERT INTO "public"."items" ("id","name","priority_id","description","wishlist_id") VALUES (150,'them',2,NULL,18);
--------------------------
--ItemsTag----------------
--------------------------
INSERT INTO "public"."item_tags" ("item_id","tag_id") VALUES (7,5);
INSERT INTO "public"."item_tags" ("item_id","tag_id") VALUES (9,10);
INSERT INTO "public"."item_tags" ("item_id","tag_id") VALUES (19,20);
INSERT INTO "public"."item_tags" ("item_id","tag_id") VALUES (29,22);
INSERT INTO "public"."item_tags" ("item_id","tag_id") VALUES (39,30);
INSERT INTO "public"."item_tags" ("item_id","tag_id") VALUES (41,37);
INSERT INTO "public"."item_tags" ("item_id","tag_id") VALUES (44,44);
INSERT INTO "public"."item_tags" ("item_id","tag_id") VALUES (45,53);
INSERT INTO "public"."item_tags" ("item_id","tag_id") VALUES (55,58);
INSERT INTO "public"."item_tags" ("item_id","tag_id") VALUES (57,61);
INSERT INTO "public"."item_tags" ("item_id","tag_id") VALUES (67,65);
INSERT INTO "public"."item_tags" ("item_id","tag_id") VALUES (75,70);
INSERT INTO "public"."item_tags" ("item_id","tag_id") VALUES (82,71);
INSERT INTO "public"."item_tags" ("item_id","tag_id") VALUES (84,77);
INSERT INTO "public"."item_tags" ("item_id","tag_id") VALUES (90,86);
INSERT INTO "public"."item_tags" ("item_id","tag_id") VALUES (93,89);
INSERT INTO "public"."item_tags" ("item_id","tag_id") VALUES (101,93);
INSERT INTO "public"."item_tags" ("item_id","tag_id") VALUES (102,96);
INSERT INTO "public"."item_tags" ("item_id","tag_id") VALUES (109,1);
INSERT INTO "public"."item_tags" ("item_id","tag_id") VALUES (118,10);
INSERT INTO "public"."item_tags" ("item_id","tag_id") VALUES (121,15);
INSERT INTO "public"."item_tags" ("item_id","tag_id") VALUES (126,18);
INSERT INTO "public"."item_tags" ("item_id","tag_id") VALUES (129,23);
INSERT INTO "public"."item_tags" ("item_id","tag_id") VALUES (135,33);
INSERT INTO "public"."item_tags" ("item_id","tag_id") VALUES (144,41);
INSERT INTO "public"."item_tags" ("item_id","tag_id") VALUES (148,46);
INSERT INTO "public"."item_tags" ("item_id","tag_id") VALUES (2,53);
INSERT INTO "public"."item_tags" ("item_id","tag_id") VALUES (10,60);
INSERT INTO "public"."item_tags" ("item_id","tag_id") VALUES (20,68);
INSERT INTO "public"."item_tags" ("item_id","tag_id") VALUES (22,74);
INSERT INTO "public"."item_tags" ("item_id","tag_id") VALUES (32,80);
INSERT INTO "public"."item_tags" ("item_id","tag_id") VALUES (40,81);
INSERT INTO "public"."item_tags" ("item_id","tag_id") VALUES (43,91);
INSERT INTO "public"."item_tags" ("item_id","tag_id") VALUES (47,95);
INSERT INTO "public"."item_tags" ("item_id","tag_id") VALUES (53,1);
INSERT INTO "public"."item_tags" ("item_id","tag_id") VALUES (54,9);
INSERT INTO "public"."item_tags" ("item_id","tag_id") VALUES (63,18);
INSERT INTO "public"."item_tags" ("item_id","tag_id") VALUES (70,24);
INSERT INTO "public"."item_tags" ("item_id","tag_id") VALUES (76,26);
INSERT INTO "public"."item_tags" ("item_id","tag_id") VALUES (80,31);
INSERT INTO "public"."item_tags" ("item_id","tag_id") VALUES (87,40);
INSERT INTO "public"."item_tags" ("item_id","tag_id") VALUES (89,48);
INSERT INTO "public"."item_tags" ("item_id","tag_id") VALUES (99,57);
INSERT INTO "public"."item_tags" ("item_id","tag_id") VALUES (102,66);
INSERT INTO "public"."item_tags" ("item_id","tag_id") VALUES (103,73);
INSERT INTO "public"."item_tags" ("item_id","tag_id") VALUES (104,77);
INSERT INTO "public"."item_tags" ("item_id","tag_id") VALUES (110,81);
INSERT INTO "public"."item_tags" ("item_id","tag_id") VALUES (116,82);
INSERT INTO "public"."item_tags" ("item_id","tag_id") VALUES (119,88);
INSERT INTO "public"."item_tags" ("item_id","tag_id") VALUES (126,95);
INSERT INTO "public"."item_tags" ("item_id","tag_id") VALUES (129,5);
INSERT INTO "public"."item_tags" ("item_id","tag_id") VALUES (139,12);
INSERT INTO "public"."item_tags" ("item_id","tag_id") VALUES (147,16);
INSERT INTO "public"."item_tags" ("item_id","tag_id") VALUES (5,21);
INSERT INTO "public"."item_tags" ("item_id","tag_id") VALUES (6,28);
INSERT INTO "public"."item_tags" ("item_id","tag_id") VALUES (10,33);
INSERT INTO "public"."item_tags" ("item_id","tag_id") VALUES (15,35);
INSERT INTO "public"."item_tags" ("item_id","tag_id") VALUES (18,44);
INSERT INTO "public"."item_tags" ("item_id","tag_id") VALUES (20,54);
INSERT INTO "public"."item_tags" ("item_id","tag_id") VALUES (27,63);
INSERT INTO "public"."item_tags" ("item_id","tag_id") VALUES (36,69);
INSERT INTO "public"."item_tags" ("item_id","tag_id") VALUES (43,79);
INSERT INTO "public"."item_tags" ("item_id","tag_id") VALUES (50,88);
INSERT INTO "public"."item_tags" ("item_id","tag_id") VALUES (54,97);
INSERT INTO "public"."item_tags" ("item_id","tag_id") VALUES (56,99);
INSERT INTO "public"."item_tags" ("item_id","tag_id") VALUES (58,3);
INSERT INTO "public"."item_tags" ("item_id","tag_id") VALUES (60,8);
INSERT INTO "public"."item_tags" ("item_id","tag_id") VALUES (65,15);
INSERT INTO "public"."item_tags" ("item_id","tag_id") VALUES (66,23);
INSERT INTO "public"."item_tags" ("item_id","tag_id") VALUES (75,32);
INSERT INTO "public"."item_tags" ("item_id","tag_id") VALUES (76,41);
INSERT INTO "public"."item_tags" ("item_id","tag_id") VALUES (80,51);
INSERT INTO "public"."item_tags" ("item_id","tag_id") VALUES (85,54);
INSERT INTO "public"."item_tags" ("item_id","tag_id") VALUES (92,60);
INSERT INTO "public"."item_tags" ("item_id","tag_id") VALUES (100,67);
INSERT INTO "public"."item_tags" ("item_id","tag_id") VALUES (105,77);
INSERT INTO "public"."item_tags" ("item_id","tag_id") VALUES (112,78);
INSERT INTO "public"."item_tags" ("item_id","tag_id") VALUES (120,80);
INSERT INTO "public"."item_tags" ("item_id","tag_id") VALUES (129,81);
INSERT INTO "public"."item_tags" ("item_id","tag_id") VALUES (131,89);
INSERT INTO "public"."item_tags" ("item_id","tag_id") VALUES (136,93);
INSERT INTO "public"."item_tags" ("item_id","tag_id") VALUES (137,96);
INSERT INTO "public"."item_tags" ("item_id","tag_id") VALUES (140,1);
INSERT INTO "public"."item_tags" ("item_id","tag_id") VALUES (143,11);
INSERT INTO "public"."item_tags" ("item_id","tag_id") VALUES (2,18);
INSERT INTO "public"."item_tags" ("item_id","tag_id") VALUES (12,25);
INSERT INTO "public"."item_tags" ("item_id","tag_id") VALUES (14,27);
INSERT INTO "public"."item_tags" ("item_id","tag_id") VALUES (20,30);
INSERT INTO "public"."item_tags" ("item_id","tag_id") VALUES (27,37);
INSERT INTO "public"."item_tags" ("item_id","tag_id") VALUES (33,41);
INSERT INTO "public"."item_tags" ("item_id","tag_id") VALUES (40,48);
INSERT INTO "public"."item_tags" ("item_id","tag_id") VALUES (43,50);
INSERT INTO "public"."item_tags" ("item_id","tag_id") VALUES (46,51);
INSERT INTO "public"."item_tags" ("item_id","tag_id") VALUES (56,61);
INSERT INTO "public"."item_tags" ("item_id","tag_id") VALUES (66,63);
INSERT INTO "public"."item_tags" ("item_id","tag_id") VALUES (67,70);
INSERT INTO "public"."item_tags" ("item_id","tag_id") VALUES (72,71);
INSERT INTO "public"."item_tags" ("item_id","tag_id") VALUES (75,75);
INSERT INTO "public"."item_tags" ("item_id","tag_id") VALUES (81,79);
INSERT INTO "public"."item_tags" ("item_id","tag_id") VALUES (85,80);
INSERT INTO "public"."item_tags" ("item_id","tag_id") VALUES (87,82);
INSERT INTO "public"."item_tags" ("item_id","tag_id") VALUES (95,90);
INSERT INTO "public"."item_tags" ("item_id","tag_id") VALUES (105,94);
INSERT INTO "public"."item_tags" ("item_id","tag_id") VALUES (115,96);
INSERT INTO "public"."item_tags" ("item_id","tag_id") VALUES (119,98);
INSERT INTO "public"."item_tags" ("item_id","tag_id") VALUES (128,99);
INSERT INTO "public"."item_tags" ("item_id","tag_id") VALUES (131,5);
INSERT INTO "public"."item_tags" ("item_id","tag_id") VALUES (141,9);
INSERT INTO "public"."item_tags" ("item_id","tag_id") VALUES (143,13);
INSERT INTO "public"."item_tags" ("item_id","tag_id") VALUES (3,23);
INSERT INTO "public"."item_tags" ("item_id","tag_id") VALUES (6,32);
INSERT INTO "public"."item_tags" ("item_id","tag_id") VALUES (10,35);
INSERT INTO "public"."item_tags" ("item_id","tag_id") VALUES (16,39);
INSERT INTO "public"."item_tags" ("item_id","tag_id") VALUES (26,44);
INSERT INTO "public"."item_tags" ("item_id","tag_id") VALUES (33,46);
INSERT INTO "public"."item_tags" ("item_id","tag_id") VALUES (42,51);
INSERT INTO "public"."item_tags" ("item_id","tag_id") VALUES (45,61);
INSERT INTO "public"."item_tags" ("item_id","tag_id") VALUES (47,69);
INSERT INTO "public"."item_tags" ("item_id","tag_id") VALUES (53,74);
INSERT INTO "public"."item_tags" ("item_id","tag_id") VALUES (54,76);
INSERT INTO "public"."item_tags" ("item_id","tag_id") VALUES (60,80);
INSERT INTO "public"."item_tags" ("item_id","tag_id") VALUES (67,82);
INSERT INTO "public"."item_tags" ("item_id","tag_id") VALUES (77,87);
INSERT INTO "public"."item_tags" ("item_id","tag_id") VALUES (81,88);
INSERT INTO "public"."item_tags" ("item_id","tag_id") VALUES (91,89);
INSERT INTO "public"."item_tags" ("item_id","tag_id") VALUES (101,90);
INSERT INTO "public"."item_tags" ("item_id","tag_id") VALUES (103,91);
INSERT INTO "public"."item_tags" ("item_id","tag_id") VALUES (107,1);
INSERT INTO "public"."item_tags" ("item_id","tag_id") VALUES (111,3);
INSERT INTO "public"."item_tags" ("item_id","tag_id") VALUES (118,7);
INSERT INTO "public"."item_tags" ("item_id","tag_id") VALUES (128,17);
INSERT INTO "public"."item_tags" ("item_id","tag_id") VALUES (129,19);
INSERT INTO "public"."item_tags" ("item_id","tag_id") VALUES (139,21);
INSERT INTO "public"."item_tags" ("item_id","tag_id") VALUES (146,28);
INSERT INTO "public"."item_tags" ("item_id","tag_id") VALUES (150,36);
INSERT INTO "public"."item_tags" ("item_id","tag_id") VALUES (2,40);
INSERT INTO "public"."item_tags" ("item_id","tag_id") VALUES (9,43);
INSERT INTO "public"."item_tags" ("item_id","tag_id") VALUES (14,45);
INSERT INTO "public"."item_tags" ("item_id","tag_id") VALUES (22,53);
INSERT INTO "public"."item_tags" ("item_id","tag_id") VALUES (28,58);
INSERT INTO "public"."item_tags" ("item_id","tag_id") VALUES (31,68);
INSERT INTO "public"."item_tags" ("item_id","tag_id") VALUES (35,78);
INSERT INTO "public"."item_tags" ("item_id","tag_id") VALUES (37,79);
INSERT INTO "public"."item_tags" ("item_id","tag_id") VALUES (45,86);
INSERT INTO "public"."item_tags" ("item_id","tag_id") VALUES (46,93);
INSERT INTO "public"."item_tags" ("item_id","tag_id") VALUES (51,2);
INSERT INTO "public"."item_tags" ("item_id","tag_id") VALUES (59,7);
INSERT INTO "public"."item_tags" ("item_id","tag_id") VALUES (61,8);
INSERT INTO "public"."item_tags" ("item_id","tag_id") VALUES (70,16);
INSERT INTO "public"."item_tags" ("item_id","tag_id") VALUES (79,25);
INSERT INTO "public"."item_tags" ("item_id","tag_id") VALUES (87,26);
INSERT INTO "public"."item_tags" ("item_id","tag_id") VALUES (88,36);
INSERT INTO "public"."item_tags" ("item_id","tag_id") VALUES (96,42);
INSERT INTO "public"."item_tags" ("item_id","tag_id") VALUES (98,49);
INSERT INTO "public"."item_tags" ("item_id","tag_id") VALUES (104,51);
INSERT INTO "public"."item_tags" ("item_id","tag_id") VALUES (113,56);
INSERT INTO "public"."item_tags" ("item_id","tag_id") VALUES (122,61);
INSERT INTO "public"."item_tags" ("item_id","tag_id") VALUES (126,65);
INSERT INTO "public"."item_tags" ("item_id","tag_id") VALUES (130,71);
INSERT INTO "public"."item_tags" ("item_id","tag_id") VALUES (131,75);
INSERT INTO "public"."item_tags" ("item_id","tag_id") VALUES (135,76);
INSERT INTO "public"."item_tags" ("item_id","tag_id") VALUES (143,82);
INSERT INTO "public"."item_tags" ("item_id","tag_id") VALUES (3,87);
INSERT INTO "public"."item_tags" ("item_id","tag_id") VALUES (12,94);
INSERT INTO "public"."item_tags" ("item_id","tag_id") VALUES (19,95);
INSERT INTO "public"."item_tags" ("item_id","tag_id") VALUES (20,98);
INSERT INTO "public"."item_tags" ("item_id","tag_id") VALUES (27,1);
INSERT INTO "public"."item_tags" ("item_id","tag_id") VALUES (30,4);
INSERT INTO "public"."item_tags" ("item_id","tag_id") VALUES (31,9);
INSERT INTO "public"."item_tags" ("item_id","tag_id") VALUES (33,10);
INSERT INTO "public"."item_tags" ("item_id","tag_id") VALUES (41,17);
INSERT INTO "public"."item_tags" ("item_id","tag_id") VALUES (46,24);
INSERT INTO "public"."item_tags" ("item_id","tag_id") VALUES (49,29);
INSERT INTO "public"."item_tags" ("item_id","tag_id") VALUES (51,37);
INSERT INTO "public"."item_tags" ("item_id","tag_id") VALUES (52,41);
INSERT INTO "public"."item_tags" ("item_id","tag_id") VALUES (55,44);
INSERT INTO "public"."item_tags" ("item_id","tag_id") VALUES (61,50);
INSERT INTO "public"."item_tags" ("item_id","tag_id") VALUES (63,54);
INSERT INTO "public"."item_tags" ("item_id","tag_id") VALUES (65,57);
INSERT INTO "public"."item_tags" ("item_id","tag_id") VALUES (74,59);
INSERT INTO "public"."item_tags" ("item_id","tag_id") VALUES (83,60);
INSERT INTO "public"."item_tags" ("item_id","tag_id") VALUES (90,62);
INSERT INTO "public"."item_tags" ("item_id","tag_id") VALUES (92,71);
INSERT INTO "public"."item_tags" ("item_id","tag_id") VALUES (102,80);
INSERT INTO "public"."item_tags" ("item_id","tag_id") VALUES (111,89);
INSERT INTO "public"."item_tags" ("item_id","tag_id") VALUES (112,96);
INSERT INTO "public"."item_tags" ("item_id","tag_id") VALUES (122,4);
INSERT INTO "public"."item_tags" ("item_id","tag_id") VALUES (132,8);
INSERT INTO "public"."item_tags" ("item_id","tag_id") VALUES (135,14);
INSERT INTO "public"."item_tags" ("item_id","tag_id") VALUES (142,23);
INSERT INTO "public"."item_tags" ("item_id","tag_id") VALUES (148,31);
INSERT INTO "public"."item_tags" ("item_id","tag_id") VALUES (150,39);
INSERT INTO "public"."item_tags" ("item_id","tag_id") VALUES (3,45);
INSERT INTO "public"."item_tags" ("item_id","tag_id") VALUES (13,52);
INSERT INTO "public"."item_tags" ("item_id","tag_id") VALUES (23,55);
INSERT INTO "public"."item_tags" ("item_id","tag_id") VALUES (31,60);
INSERT INTO "public"."item_tags" ("item_id","tag_id") VALUES (35,65);
INSERT INTO "public"."item_tags" ("item_id","tag_id") VALUES (43,70);
INSERT INTO "public"."item_tags" ("item_id","tag_id") VALUES (49,75);
INSERT INTO "public"."item_tags" ("item_id","tag_id") VALUES (58,80);
--------------------------
--Likes-------------------
--------------------------
INSERT INTO "public"."likes" ("user_id","item_id") VALUES (4,10);
INSERT INTO "public"."likes" ("user_id","item_id") VALUES (9,18);
INSERT INTO "public"."likes" ("user_id","item_id") VALUES (13,25);
INSERT INTO "public"."likes" ("user_id","item_id") VALUES (22,33);
INSERT INTO "public"."likes" ("user_id","item_id") VALUES (23,36);
INSERT INTO "public"."likes" ("user_id","item_id") VALUES (1,37);
INSERT INTO "public"."likes" ("user_id","item_id") VALUES (4,39);
INSERT INTO "public"."likes" ("user_id","item_id") VALUES (14,40);
INSERT INTO "public"."likes" ("user_id","item_id") VALUES (23,50);
INSERT INTO "public"."likes" ("user_id","item_id") VALUES (25,54);
INSERT INTO "public"."likes" ("user_id","item_id") VALUES (8,55);
INSERT INTO "public"."likes" ("user_id","item_id") VALUES (13,62);
INSERT INTO "public"."likes" ("user_id","item_id") VALUES (20,70);
INSERT INTO "public"."likes" ("user_id","item_id") VALUES (5,76);
INSERT INTO "public"."likes" ("user_id","item_id") VALUES (15,77);
INSERT INTO "public"."likes" ("user_id","item_id") VALUES (18,83);
INSERT INTO "public"."likes" ("user_id","item_id") VALUES (25,88);
INSERT INTO "public"."likes" ("user_id","item_id") VALUES (9,92);
INSERT INTO "public"."likes" ("user_id","item_id") VALUES (17,96);
INSERT INTO "public"."likes" ("user_id","item_id") VALUES (25,103);
INSERT INTO "public"."likes" ("user_id","item_id") VALUES (2,107);
INSERT INTO "public"."likes" ("user_id","item_id") VALUES (6,114);
INSERT INTO "public"."likes" ("user_id","item_id") VALUES (10,117);
INSERT INTO "public"."likes" ("user_id","item_id") VALUES (16,127);
INSERT INTO "public"."likes" ("user_id","item_id") VALUES (25,137);
INSERT INTO "public"."likes" ("user_id","item_id") VALUES (5,139);
INSERT INTO "public"."likes" ("user_id","item_id") VALUES (14,142);
INSERT INTO "public"."likes" ("user_id","item_id") VALUES (18,1);
INSERT INTO "public"."likes" ("user_id","item_id") VALUES (3,5);
INSERT INTO "public"."likes" ("user_id","item_id") VALUES (7,9);
INSERT INTO "public"."likes" ("user_id","item_id") VALUES (12,14);
INSERT INTO "public"."likes" ("user_id","item_id") VALUES (15,24);
INSERT INTO "public"."likes" ("user_id","item_id") VALUES (17,34);
INSERT INTO "public"."likes" ("user_id","item_id") VALUES (22,37);
INSERT INTO "public"."likes" ("user_id","item_id") VALUES (5,43);
INSERT INTO "public"."likes" ("user_id","item_id") VALUES (12,53);
INSERT INTO "public"."likes" ("user_id","item_id") VALUES (14,63);
INSERT INTO "public"."likes" ("user_id","item_id") VALUES (24,72);
INSERT INTO "public"."likes" ("user_id","item_id") VALUES (7,81);
INSERT INTO "public"."likes" ("user_id","item_id") VALUES (13,84);
INSERT INTO "public"."likes" ("user_id","item_id") VALUES (14,88);
INSERT INTO "public"."likes" ("user_id","item_id") VALUES (21,96);
INSERT INTO "public"."likes" ("user_id","item_id") VALUES (9,108);
INSERT INTO "public"."likes" ("user_id","item_id") VALUES (14,113);
INSERT INTO "public"."likes" ("user_id","item_id") VALUES (18,118);
INSERT INTO "public"."likes" ("user_id","item_id") VALUES (22,127);
INSERT INTO "public"."likes" ("user_id","item_id") VALUES (24,131);
INSERT INTO "public"."likes" ("user_id","item_id") VALUES (8,134);
INSERT INTO "public"."likes" ("user_id","item_id") VALUES (9,137);
INSERT INTO "public"."likes" ("user_id","item_id") VALUES (12,147);
INSERT INTO "public"."likes" ("user_id","item_id") VALUES (22,150);
INSERT INTO "public"."likes" ("user_id","item_id") VALUES (24,6);
INSERT INTO "public"."likes" ("user_id","item_id") VALUES (5,13);
INSERT INTO "public"."likes" ("user_id","item_id") VALUES (12,21);
INSERT INTO "public"."likes" ("user_id","item_id") VALUES (15,26);
INSERT INTO "public"."likes" ("user_id","item_id") VALUES (19,35);
INSERT INTO "public"."likes" ("user_id","item_id") VALUES (4,41);
INSERT INTO "public"."likes" ("user_id","item_id") VALUES (8,46);
INSERT INTO "public"."likes" ("user_id","item_id") VALUES (15,51);
INSERT INTO "public"."likes" ("user_id","item_id") VALUES (18,55);
INSERT INTO "public"."likes" ("user_id","item_id") VALUES (25,61);
INSERT INTO "public"."likes" ("user_id","item_id") VALUES (6,62);
INSERT INTO "public"."likes" ("user_id","item_id") VALUES (10,68);
INSERT INTO "public"."likes" ("user_id","item_id") VALUES (18,74);
INSERT INTO "public"."likes" ("user_id","item_id") VALUES (1,76);
INSERT INTO "public"."likes" ("user_id","item_id") VALUES (2,81);
INSERT INTO "public"."likes" ("user_id","item_id") VALUES (7,86);
INSERT INTO "public"."likes" ("user_id","item_id") VALUES (8,92);
INSERT INTO "public"."likes" ("user_id","item_id") VALUES (15,100);
INSERT INTO "public"."likes" ("user_id","item_id") VALUES (19,101);
INSERT INTO "public"."likes" ("user_id","item_id") VALUES (1,110);
INSERT INTO "public"."likes" ("user_id","item_id") VALUES (9,115);
INSERT INTO "public"."likes" ("user_id","item_id") VALUES (10,118);
INSERT INTO "public"."likes" ("user_id","item_id") VALUES (20,124);
INSERT INTO "public"."likes" ("user_id","item_id") VALUES (21,130);
INSERT INTO "public"."likes" ("user_id","item_id") VALUES (1,131);
INSERT INTO "public"."likes" ("user_id","item_id") VALUES (4,141);
INSERT INTO "public"."likes" ("user_id","item_id") VALUES (10,146);
INSERT INTO "public"."likes" ("user_id","item_id") VALUES (12,3);
INSERT INTO "public"."likes" ("user_id","item_id") VALUES (17,7);
INSERT INTO "public"."likes" ("user_id","item_id") VALUES (20,8);
INSERT INTO "public"."likes" ("user_id","item_id") VALUES (5,9);
INSERT INTO "public"."likes" ("user_id","item_id") VALUES (8,10);
INSERT INTO "public"."likes" ("user_id","item_id") VALUES (14,14);
INSERT INTO "public"."likes" ("user_id","item_id") VALUES (24,19);
INSERT INTO "public"."likes" ("user_id","item_id") VALUES (9,28);
INSERT INTO "public"."likes" ("user_id","item_id") VALUES (16,37);
INSERT INTO "public"."likes" ("user_id","item_id") VALUES (21,44);
INSERT INTO "public"."likes" ("user_id","item_id") VALUES (24,54);
INSERT INTO "public"."likes" ("user_id","item_id") VALUES (1,59);
INSERT INTO "public"."likes" ("user_id","item_id") VALUES (8,69);
INSERT INTO "public"."likes" ("user_id","item_id") VALUES (18,76);
INSERT INTO "public"."likes" ("user_id","item_id") VALUES (19,80);
INSERT INTO "public"."likes" ("user_id","item_id") VALUES (23,90);
INSERT INTO "public"."likes" ("user_id","item_id") VALUES (5,91);
INSERT INTO "public"."likes" ("user_id","item_id") VALUES (9,95);
INSERT INTO "public"."likes" ("user_id","item_id") VALUES (12,99);
INSERT INTO "public"."likes" ("user_id","item_id") VALUES (20,107);
INSERT INTO "public"."likes" ("user_id","item_id") VALUES (4,114);
INSERT INTO "public"."likes" ("user_id","item_id") VALUES (6,115);
INSERT INTO "public"."likes" ("user_id","item_id") VALUES (10,123);
INSERT INTO "public"."likes" ("user_id","item_id") VALUES (20,130);
INSERT INTO "public"."likes" ("user_id","item_id") VALUES (21,137);
INSERT INTO "public"."likes" ("user_id","item_id") VALUES (23,139);
INSERT INTO "public"."likes" ("user_id","item_id") VALUES (7,146);
INSERT INTO "public"."likes" ("user_id","item_id") VALUES (8,150);
INSERT INTO "public"."likes" ("user_id","item_id") VALUES (14,11);
INSERT INTO "public"."likes" ("user_id","item_id") VALUES (16,17);
INSERT INTO "public"."likes" ("user_id","item_id") VALUES (22,19);
INSERT INTO "public"."likes" ("user_id","item_id") VALUES (5,29);
INSERT INTO "public"."likes" ("user_id","item_id") VALUES (14,37);
INSERT INTO "public"."likes" ("user_id","item_id") VALUES (23,42);
INSERT INTO "public"."likes" ("user_id","item_id") VALUES (2,49);
INSERT INTO "public"."likes" ("user_id","item_id") VALUES (6,59);
INSERT INTO "public"."likes" ("user_id","item_id") VALUES (16,63);
INSERT INTO "public"."likes" ("user_id","item_id") VALUES (23,67);
INSERT INTO "public"."likes" ("user_id","item_id") VALUES (2,72);
INSERT INTO "public"."likes" ("user_id","item_id") VALUES (10,78);
INSERT INTO "public"."likes" ("user_id","item_id") VALUES (17,79);
INSERT INTO "public"."likes" ("user_id","item_id") VALUES (21,87);
INSERT INTO "public"."likes" ("user_id","item_id") VALUES (4,95);
INSERT INTO "public"."likes" ("user_id","item_id") VALUES (11,98);
INSERT INTO "public"."likes" ("user_id","item_id") VALUES (18,108);
INSERT INTO "public"."likes" ("user_id","item_id") VALUES (3,117);
INSERT INTO "public"."likes" ("user_id","item_id") VALUES (5,118);
INSERT INTO "public"."likes" ("user_id","item_id") VALUES (11,125);
INSERT INTO "public"."likes" ("user_id","item_id") VALUES (18,127);
INSERT INTO "public"."likes" ("user_id","item_id") VALUES (25,129);
INSERT INTO "public"."likes" ("user_id","item_id") VALUES (7,139);
INSERT INTO "public"."likes" ("user_id","item_id") VALUES (16,144);
INSERT INTO "public"."likes" ("user_id","item_id") VALUES (17,147);
INSERT INTO "public"."likes" ("user_id","item_id") VALUES (18,5);
INSERT INTO "public"."likes" ("user_id","item_id") VALUES (1,14);
INSERT INTO "public"."likes" ("user_id","item_id") VALUES (3,22);
INSERT INTO "public"."likes" ("user_id","item_id") VALUES (13,30);
INSERT INTO "public"."likes" ("user_id","item_id") VALUES (15,38);
INSERT INTO "public"."likes" ("user_id","item_id") VALUES (20,48);
INSERT INTO "public"."likes" ("user_id","item_id") VALUES (23,57);
INSERT INTO "public"."likes" ("user_id","item_id") VALUES (1,65);
INSERT INTO "public"."likes" ("user_id","item_id") VALUES (1,77);
INSERT INTO "public"."likes" ("user_id","item_id") VALUES (9,79);
INSERT INTO "public"."likes" ("user_id","item_id") VALUES (12,81);
INSERT INTO "public"."likes" ("user_id","item_id") VALUES (16,90);
INSERT INTO "public"."likes" ("user_id","item_id") VALUES (20,95);
INSERT INTO "public"."likes" ("user_id","item_id") VALUES (21,97);
INSERT INTO "public"."likes" ("user_id","item_id") VALUES (5,98);
INSERT INTO "public"."likes" ("user_id","item_id") VALUES (8,101);
INSERT INTO "public"."likes" ("user_id","item_id") VALUES (17,106);
INSERT INTO "public"."likes" ("user_id","item_id") VALUES (24,115);
INSERT INTO "public"."likes" ("user_id","item_id") VALUES (1,120);
INSERT INTO "public"."likes" ("user_id","item_id") VALUES (4,127);
INSERT INTO "public"."likes" ("user_id","item_id") VALUES (9,138);
INSERT INTO "public"."likes" ("user_id","item_id") VALUES (14,144);
INSERT INTO "public"."likes" ("user_id","item_id") VALUES (20,11);
INSERT INTO "public"."likes" ("user_id","item_id") VALUES (24,12);
INSERT INTO "public"."likes" ("user_id","item_id") VALUES (5,20);
INSERT INTO "public"."likes" ("user_id","item_id") VALUES (11,29);
INSERT INTO "public"."likes" ("user_id","item_id") VALUES (18,35);
INSERT INTO "public"."likes" ("user_id","item_id") VALUES (25,41);
INSERT INTO "public"."likes" ("user_id","item_id") VALUES (4,43);
INSERT INTO "public"."likes" ("user_id","item_id") VALUES (9,46);
INSERT INTO "public"."likes" ("user_id","item_id") VALUES (12,52);
INSERT INTO "public"."likes" ("user_id","item_id") VALUES (14,57);
INSERT INTO "public"."likes" ("user_id","item_id") VALUES (16,66);
INSERT INTO "public"."likes" ("user_id","item_id") VALUES (20,71);
INSERT INTO "public"."likes" ("user_id","item_id") VALUES (25,75);
INSERT INTO "public"."likes" ("user_id","item_id") VALUES (7,83);
INSERT INTO "public"."likes" ("user_id","item_id") VALUES (11,85);
INSERT INTO "public"."likes" ("user_id","item_id") VALUES (17,89);
INSERT INTO "public"."likes" ("user_id","item_id") VALUES (19,96);
INSERT INTO "public"."likes" ("user_id","item_id") VALUES (20,99);
INSERT INTO "public"."likes" ("user_id","item_id") VALUES (23,101);
INSERT INTO "public"."likes" ("user_id","item_id") VALUES (8,105);
INSERT INTO "public"."likes" ("user_id","item_id") VALUES (14,107);
INSERT INTO "public"."likes" ("user_id","item_id") VALUES (23,115);
INSERT INTO "public"."likes" ("user_id","item_id") VALUES (5,125);
INSERT INTO "public"."likes" ("user_id","item_id") VALUES (12,130);
INSERT INTO "public"."likes" ("user_id","item_id") VALUES (17,131);
INSERT INTO "public"."likes" ("user_id","item_id") VALUES (20,132);
INSERT INTO "public"."likes" ("user_id","item_id") VALUES (3,133);
INSERT INTO "public"."likes" ("user_id","item_id") VALUES (9,139);
INSERT INTO "public"."likes" ("user_id","item_id") VALUES (14,149);
INSERT INTO "public"."likes" ("user_id","item_id") VALUES (20,2);
INSERT INTO "public"."likes" ("user_id","item_id") VALUES (1,3);
INSERT INTO "public"."likes" ("user_id","item_id") VALUES (6,11);
INSERT INTO "public"."likes" ("user_id","item_id") VALUES (12,16);
INSERT INTO "public"."likes" ("user_id","item_id") VALUES (20,25);
INSERT INTO "public"."likes" ("user_id","item_id") VALUES (2,33);
INSERT INTO "public"."likes" ("user_id","item_id") VALUES (10,38);
INSERT INTO "public"."likes" ("user_id","item_id") VALUES (20,44);
INSERT INTO "public"."likes" ("user_id","item_id") VALUES (21,48);
INSERT INTO "public"."likes" ("user_id","item_id") VALUES (2,55);
INSERT INTO "public"."likes" ("user_id","item_id") VALUES (4,63);
INSERT INTO "public"."likes" ("user_id","item_id") VALUES (12,66);
INSERT INTO "public"."likes" ("user_id","item_id") VALUES (17,71);
INSERT INTO "public"."likes" ("user_id","item_id") VALUES (10,83);
INSERT INTO "public"."likes" ("user_id","item_id") VALUES (15,90);
INSERT INTO "public"."likes" ("user_id","item_id") VALUES (25,97);
INSERT INTO "public"."likes" ("user_id","item_id") VALUES (10,105);
INSERT INTO "public"."likes" ("user_id","item_id") VALUES (13,114);
INSERT INTO "public"."likes" ("user_id","item_id") VALUES (23,124);
INSERT INTO "public"."likes" ("user_id","item_id") VALUES (8,131);
INSERT INTO "public"."likes" ("user_id","item_id") VALUES (15,138);
INSERT INTO "public"."likes" ("user_id","item_id") VALUES (22,147);
INSERT INTO "public"."likes" ("user_id","item_id") VALUES (3,149);
INSERT INTO "public"."likes" ("user_id","item_id") VALUES (9,7);
INSERT INTO "public"."likes" ("user_id","item_id") VALUES (13,11);
INSERT INTO "public"."likes" ("user_id","item_id") VALUES (2,20);
INSERT INTO "public"."likes" ("user_id","item_id") VALUES (4,26);
INSERT INTO "public"."likes" ("user_id","item_id") VALUES (10,27);
INSERT INTO "public"."likes" ("user_id","item_id") VALUES (15,32);
INSERT INTO "public"."likes" ("user_id","item_id") VALUES (24,36);
INSERT INTO "public"."likes" ("user_id","item_id") VALUES (6,45);
INSERT INTO "public"."likes" ("user_id","item_id") VALUES (14,46);
INSERT INTO "public"."likes" ("user_id","item_id") VALUES (24,48);
INSERT INTO "public"."likes" ("user_id","item_id") VALUES (6,50);
INSERT INTO "public"."likes" ("user_id","item_id") VALUES (12,55);
INSERT INTO "public"."likes" ("user_id","item_id") VALUES (19,63);
INSERT INTO "public"."likes" ("user_id","item_id") VALUES (2,68);
INSERT INTO "public"."likes" ("user_id","item_id") VALUES (6,69);
INSERT INTO "public"."likes" ("user_id","item_id") VALUES (15,73);
INSERT INTO "public"."likes" ("user_id","item_id") VALUES (18,82);
INSERT INTO "public"."likes" ("user_id","item_id") VALUES (2,84);
INSERT INTO "public"."likes" ("user_id","item_id") VALUES (5,93);
INSERT INTO "public"."likes" ("user_id","item_id") VALUES (13,95);
INSERT INTO "public"."likes" ("user_id","item_id") VALUES (17,97);
INSERT INTO "public"."likes" ("user_id","item_id") VALUES (18,100);
INSERT INTO "public"."likes" ("user_id","item_id") VALUES (21,105);
INSERT INTO "public"."likes" ("user_id","item_id") VALUES (22,107);
INSERT INTO "public"."likes" ("user_id","item_id") VALUES (6,108);
INSERT INTO "public"."likes" ("user_id","item_id") VALUES (13,111);
INSERT INTO "public"."likes" ("user_id","item_id") VALUES (14,118);
INSERT INTO "public"."likes" ("user_id","item_id") VALUES (22,121);
INSERT INTO "public"."likes" ("user_id","item_id") VALUES (6,130);
INSERT INTO "public"."likes" ("user_id","item_id") VALUES (16,146);
INSERT INTO "public"."likes" ("user_id","item_id") VALUES (17,150);
INSERT INTO "public"."likes" ("user_id","item_id") VALUES (23,7);
INSERT INTO "public"."likes" ("user_id","item_id") VALUES (6,17);
INSERT INTO "public"."likes" ("user_id","item_id") VALUES (7,21);
INSERT INTO "public"."likes" ("user_id","item_id") VALUES (20,32);
INSERT INTO "public"."likes" ("user_id","item_id") VALUES (24,37);
INSERT INTO "public"."likes" ("user_id","item_id") VALUES (25,40);
INSERT INTO "public"."likes" ("user_id","item_id") VALUES (6,47);
INSERT INTO "public"."likes" ("user_id","item_id") VALUES (9,52);
INSERT INTO "public"."likes" ("user_id","item_id") VALUES (13,56);
INSERT INTO "public"."likes" ("user_id","item_id") VALUES (15,65);
INSERT INTO "public"."likes" ("user_id","item_id") VALUES (19,71);
INSERT INTO "public"."likes" ("user_id","item_id") VALUES (21,78);
INSERT INTO "public"."likes" ("user_id","item_id") VALUES (3,82);
INSERT INTO "public"."likes" ("user_id","item_id") VALUES (12,102);
INSERT INTO "public"."likes" ("user_id","item_id") VALUES (20,104);
INSERT INTO "public"."likes" ("user_id","item_id") VALUES (1,113);
INSERT INTO "public"."likes" ("user_id","item_id") VALUES (3,120);
INSERT INTO "public"."likes" ("user_id","item_id") VALUES (13,130);
INSERT INTO "public"."likes" ("user_id","item_id") VALUES (1,144);
INSERT INTO "public"."likes" ("user_id","item_id") VALUES (6,1);
INSERT INTO "public"."likes" ("user_id","item_id") VALUES (13,10);
INSERT INTO "public"."likes" ("user_id","item_id") VALUES (20,17);
INSERT INTO "public"."likes" ("user_id","item_id") VALUES (21,27);
INSERT INTO "public"."likes" ("user_id","item_id") VALUES (6,36);
INSERT INTO "public"."likes" ("user_id","item_id") VALUES (7,44);
INSERT INTO "public"."likes" ("user_id","item_id") VALUES (12,45);
INSERT INTO "public"."likes" ("user_id","item_id") VALUES (19,54);
INSERT INTO "public"."likes" ("user_id","item_id") VALUES (3,59);
INSERT INTO "public"."likes" ("user_id","item_id") VALUES (12,69);
INSERT INTO "public"."likes" ("user_id","item_id") VALUES (14,72);
INSERT INTO "public"."likes" ("user_id","item_id") VALUES (21,81);
INSERT INTO "public"."likes" ("user_id","item_id") VALUES (22,90);
INSERT INTO "public"."likes" ("user_id","item_id") VALUES (24,98);
INSERT INTO "public"."likes" ("user_id","item_id") VALUES (2,106);
INSERT INTO "public"."likes" ("user_id","item_id") VALUES (12,112);
INSERT INTO "public"."likes" ("user_id","item_id") VALUES (19,118);
INSERT INTO "public"."likes" ("user_id","item_id") VALUES (20,119);
INSERT INTO "public"."likes" ("user_id","item_id") VALUES (23,125);
INSERT INTO "public"."likes" ("user_id","item_id") VALUES (4,126);
INSERT INTO "public"."likes" ("user_id","item_id") VALUES (13,133);
INSERT INTO "public"."likes" ("user_id","item_id") VALUES (22,139);
INSERT INTO "public"."likes" ("user_id","item_id") VALUES (23,141);
INSERT INTO "public"."likes" ("user_id","item_id") VALUES (4,143);
INSERT INTO "public"."likes" ("user_id","item_id") VALUES (8,149);
INSERT INTO "public"."likes" ("user_id","item_id") VALUES (14,7);
INSERT INTO "public"."likes" ("user_id","item_id") VALUES (20,9);
INSERT INTO "public"."likes" ("user_id","item_id") VALUES (2,13);
INSERT INTO "public"."likes" ("user_id","item_id") VALUES (7,22);
INSERT INTO "public"."likes" ("user_id","item_id") VALUES (11,23);
INSERT INTO "public"."likes" ("user_id","item_id") VALUES (17,30);
INSERT INTO "public"."likes" ("user_id","item_id") VALUES (23,39);
INSERT INTO "public"."likes" ("user_id","item_id") VALUES (4,45);
INSERT INTO "public"."likes" ("user_id","item_id") VALUES (13,51);
INSERT INTO "public"."likes" ("user_id","item_id") VALUES (18,53);
INSERT INTO "public"."likes" ("user_id","item_id") VALUES (24,57);
INSERT INTO "public"."likes" ("user_id","item_id") VALUES (7,58);
INSERT INTO "public"."likes" ("user_id","item_id") VALUES (14,67);
INSERT INTO "public"."likes" ("user_id","item_id") VALUES (15,69);
INSERT INTO "public"."likes" ("user_id","item_id") VALUES (18,70);
INSERT INTO "public"."likes" ("user_id","item_id") VALUES (1,75);
INSERT INTO "public"."likes" ("user_id","item_id") VALUES (11,77);
INSERT INTO "public"."likes" ("user_id","item_id") VALUES (17,88);
INSERT INTO "public"."likes" ("user_id","item_id") VALUES (5,109);
INSERT INTO "public"."likes" ("user_id","item_id") VALUES (13,115);
INSERT INTO "public"."likes" ("user_id","item_id") VALUES (16,125);
INSERT INTO "public"."likes" ("user_id","item_id") VALUES (23,132);
INSERT INTO "public"."likes" ("user_id","item_id") VALUES (4,133);
INSERT INTO "public"."likes" ("user_id","item_id") VALUES (14,135);
INSERT INTO "public"."likes" ("user_id","item_id") VALUES (21,142);
INSERT INTO "public"."likes" ("user_id","item_id") VALUES (22,2);
INSERT INTO "public"."likes" ("user_id","item_id") VALUES (5,8);
INSERT INTO "public"."likes" ("user_id","item_id") VALUES (10,9);
INSERT INTO "public"."likes" ("user_id","item_id") VALUES (13,15);
INSERT INTO "public"."likes" ("user_id","item_id") VALUES (14,17);
INSERT INTO "public"."likes" ("user_id","item_id") VALUES (17,22);
INSERT INTO "public"."likes" ("user_id","item_id") VALUES (22,32);
INSERT INTO "public"."likes" ("user_id","item_id") VALUES (1,41);
INSERT INTO "public"."likes" ("user_id","item_id") VALUES (3,44);
INSERT INTO "public"."likes" ("user_id","item_id") VALUES (9,49);
INSERT INTO "public"."likes" ("user_id","item_id") VALUES (11,57);
INSERT INTO "public"."likes" ("user_id","item_id") VALUES (15,64);
INSERT INTO "public"."likes" ("user_id","item_id") VALUES (19,66);
INSERT INTO "public"."likes" ("user_id","item_id") VALUES (21,76);
INSERT INTO "public"."likes" ("user_id","item_id") VALUES (5,82);
INSERT INTO "public"."likes" ("user_id","item_id") VALUES (13,91);
INSERT INTO "public"."likes" ("user_id","item_id") VALUES (14,95);
INSERT INTO "public"."likes" ("user_id","item_id") VALUES (24,102);
INSERT INTO "public"."likes" ("user_id","item_id") VALUES (4,103);
INSERT INTO "public"."likes" ("user_id","item_id") VALUES (12,111);
INSERT INTO "public"."likes" ("user_id","item_id") VALUES (21,119);
INSERT INTO "public"."likes" ("user_id","item_id") VALUES (2,129);
INSERT INTO "public"."likes" ("user_id","item_id") VALUES (4,136);
INSERT INTO "public"."likes" ("user_id","item_id") VALUES (10,137);
INSERT INTO "public"."likes" ("user_id","item_id") VALUES (12,140);
INSERT INTO "public"."likes" ("user_id","item_id") VALUES (20,148);
INSERT INTO "public"."likes" ("user_id","item_id") VALUES (2,150);
INSERT INTO "public"."likes" ("user_id","item_id") VALUES (5,6);
INSERT INTO "public"."likes" ("user_id","item_id") VALUES (6,10);
INSERT INTO "public"."likes" ("user_id","item_id") VALUES (13,19);
INSERT INTO "public"."likes" ("user_id","item_id") VALUES (23,24);
INSERT INTO "public"."likes" ("user_id","item_id") VALUES (1,31);
INSERT INTO "public"."likes" ("user_id","item_id") VALUES (9,34);
INSERT INTO "public"."likes" ("user_id","item_id") VALUES (12,41);
INSERT INTO "public"."likes" ("user_id","item_id") VALUES (22,49);
INSERT INTO "public"."likes" ("user_id","item_id") VALUES (23,53);
INSERT INTO "public"."likes" ("user_id","item_id") VALUES (4,56);
INSERT INTO "public"."likes" ("user_id","item_id") VALUES (14,58);
INSERT INTO "public"."likes" ("user_id","item_id") VALUES (15,62);
INSERT INTO "public"."likes" ("user_id","item_id") VALUES (25,64);
INSERT INTO "public"."likes" ("user_id","item_id") VALUES (3,67);
INSERT INTO "public"."likes" ("user_id","item_id") VALUES (4,69);
INSERT INTO "public"."likes" ("user_id","item_id") VALUES (14,70);
INSERT INTO "public"."likes" ("user_id","item_id") VALUES (16,74);
INSERT INTO "public"."likes" ("user_id","item_id") VALUES (17,83);
INSERT INTO "public"."likes" ("user_id","item_id") VALUES (19,85);
INSERT INTO "public"."likes" ("user_id","item_id") VALUES (1,92);
INSERT INTO "public"."likes" ("user_id","item_id") VALUES (4,93);
INSERT INTO "public"."likes" ("user_id","item_id") VALUES (8,99);
INSERT INTO "public"."likes" ("user_id","item_id") VALUES (13,107);
INSERT INTO "public"."likes" ("user_id","item_id") VALUES (14,109);
INSERT INTO "public"."likes" ("user_id","item_id") VALUES (21,117);
INSERT INTO "public"."likes" ("user_id","item_id") VALUES (23,123);
INSERT INTO "public"."likes" ("user_id","item_id") VALUES (6,128);
INSERT INTO "public"."likes" ("user_id","item_id") VALUES (9,142);
INSERT INTO "public"."likes" ("user_id","item_id") VALUES (11,146);
INSERT INTO "public"."likes" ("user_id","item_id") VALUES (12,4);
INSERT INTO "public"."likes" ("user_id","item_id") VALUES (20,5);
INSERT INTO "public"."likes" ("user_id","item_id") VALUES (24,8);
INSERT INTO "public"."likes" ("user_id","item_id") VALUES (4,11);
INSERT INTO "public"."likes" ("user_id","item_id") VALUES (11,18);
INSERT INTO "public"."likes" ("user_id","item_id") VALUES (2,36);
INSERT INTO "public"."likes" ("user_id","item_id") VALUES (7,45);
INSERT INTO "public"."likes" ("user_id","item_id") VALUES (10,55);
INSERT INTO "public"."likes" ("user_id","item_id") VALUES (12,63);
INSERT INTO "public"."likes" ("user_id","item_id") VALUES (21,74);
INSERT INTO "public"."likes" ("user_id","item_id") VALUES (22,76);
INSERT INTO "public"."likes" ("user_id","item_id") VALUES (24,81);
INSERT INTO "public"."likes" ("user_id","item_id") VALUES (8,87);
INSERT INTO "public"."likes" ("user_id","item_id") VALUES (10,89);
INSERT INTO "public"."likes" ("user_id","item_id") VALUES (18,93);
INSERT INTO "public"."likes" ("user_id","item_id") VALUES (25,95);
INSERT INTO "public"."likes" ("user_id","item_id") VALUES (5,105);